dataset,alpha,method,seed,version,removed_fact_count,kept_fact_count,removed_true_count,removed_false_count,kept_true_count,kept_false_count,removed_true_indep_count,removed_false_indep_count,removed_true_dep_count,removed_false_dep_count,kept_true_indep_count,kept_false_indep_count,kept_true_dep_count,kept_false_dep_count,released_block_pair_count,released_wrong_block_pair_count,released_correct_block_pair_count,remaining_wrong_block_pair_count,effective_wrong_block_pair_count,dag_F1,dag_SHD,dag_SID,cpdag_F1,cpdag_SHD,cpdag_SID_low,cpdag_SID_high,elapsed_sec,remove_n,fully_released_pair_count_reported,block_edge_mode
cancer,alpha005,ABAPC (nor),183,bnlearn_abapc_nor_matched10_others_gsq_graphmetrics,6,16,2,4,14,2,1,3,1,1,2,2,12,0,3,1,2,0,0,0.5714,2.0,6.0,0.5714,2.0,6.0,11.0,0.054936885833740234,6,3,
cancer,alpha005,ABAPC (nor),316,bnlearn_abapc_nor_matched10_others_gsq_graphmetrics,17,20,12,5,20,0,4,5,8,0,0,0,20,0,7,1,6,0,0,0.0,4.0,16.0,0.0,4.0,11.0,16.0,0.08274650573730469,17,7,
cancer,alpha005,ABAPC (nor),2494,bnlearn_abapc_nor_matched10_others_gsq_graphmetrics,10,36,7,3,36,0,4,3,3,0,2,0,34,0,4,0,4,0,0,1.0,0.0,0.0,1.0,0.0,0.0,5.0,0.07390975952148438,10,2,
cancer,alpha005,ABAPC (nor),2656,bnlearn_abapc_nor_matched10_others_gsq_graphmetrics,13,15,7,6,15,0,4,6,3,0,0,0,15,0,7,1,6,0,0,0.2857,3.0,11.0,0.2857,3.0,11.0,11.0,0.0690755844116211,13,7,
cancer,alpha005,ABAPC (nor),2688,bnlearn_abapc_nor_matched10_others_gsq_graphmetrics,12,32,8,4,32,0,4,4,4,0,2,0,30,0,4,0,4,0,0,1.0,0.0,0.0,1.0,0.0,0.0,5.0,0.07916021347045898,12,4,
cancer,alpha005,ABAPC (nor),3199,bnlearn_abapc_nor_matched10_others_gsq_graphmetrics,13,15,7,6,15,0,4,6,3,0,0,0,15,0,7,1,6,0,0,0.0,4.0,16.0,0.0,4.0,11.0,16.0,0.07567667961120605,13,7,
cancer,alpha005,ABAPC (nor),3578,bnlearn_abapc_nor_matched10_others_gsq_graphmetrics,10,34,7,3,33,1,5,3,2,0,1,1,32,0,4,0,4,0,0,0.75,1.0,5.0,0.75,1.0,5.0,10.0,0.07417654991149902,10,3,
cancer,alpha005,ABAPC (nor),7816,bnlearn_abapc_nor_matched10_others_gsq_graphmetrics,7,37,3,4,36,1,3,3,0,1,2,1,34,0,3,0,3,0,0,0.75,1.0,5.0,0.75,1.0,5.0,10.0,0.2550070285797119,7,1,
cancer,alpha005,ABAPC (nor),7977,bnlearn_abapc_nor_matched10_others_gsq_graphmetrics,21,36,14,7,36,0,6,6,8,1,2,0,34,0,4,0,4,0,0,1.0,0.0,0.0,1.0,0.0,0.0,5.0,0.13312149047851562,21,4,
cancer,alpha005,ABAPC (nor),8266,bnlearn_abapc_nor_matched10_others_gsq_graphmetrics,11,33,6,5,33,0,5,5,1,0,1,0,32,0,5,0,5,0,0,0.75,1.0,5.0,0.75,1.0,5.0,10.0,0.07105755805969238,11,5,
cancer,alpha005,ABAPC (bb),183,bnlearn_abapc_bb_matched10_others_gsq_searchv3_graphmetrics,6,16,2,4,14,2,1,3,1,1,2,2,12,0,3,1,2,0,0,0.5714,2.0,6.0,0.5714,2.0,6.0,11.0,0.26718902587890625,6,3,dynamic
cancer,alpha005,ABAPC (bb),316,bnlearn_abapc_bb_matched10_others_gsq_searchv3_graphmetrics,8,29,5,3,27,2,3,3,2,0,1,2,26,0,4,1,3,0,0,0.4444,3.0,14.0,0.4444,3.0,9.0,14.0,0.4827861785888672,8,3,dynamic
cancer,alpha005,ABAPC (bb),2494,bnlearn_abapc_bb_matched10_others_gsq_searchv3_graphmetrics,10,36,7,3,36,0,4,3,3,0,2,0,34,0,4,0,4,0,0,0.8889,1.0,0.0,0.8889,1.0,0.0,9.0,0.5942740440368652,10,2,dynamic
cancer,alpha005,ABAPC (bb),2656,bnlearn_abapc_bb_matched10_others_gsq_searchv3_graphmetrics,4,24,3,1,19,5,3,1,0,0,1,5,18,0,1,1,0,0,0,0.5,2.0,10.0,0.5,2.0,10.0,10.0,0.4430243968963623,4,0,dynamic
cancer,alpha005,ABAPC (bb),2688,bnlearn_abapc_bb_matched10_others_gsq_searchv3_graphmetrics,12,32,8,4,32,0,4,4,4,0,2,0,30,0,4,0,4,0,0,0.5455,4.0,12.0,0.3636,5.0,0.0,14.0,0.444488525390625,12,4,dynamic
cancer,alpha005,ABAPC (bb),3199,bnlearn_abapc_bb_matched10_others_gsq_searchv3_graphmetrics,7,21,4,3,18,3,3,3,1,0,1,3,17,0,3,1,2,0,0,0.25,3.0,15.0,0.25,3.0,10.0,15.0,0.48490095138549805,7,2,dynamic
cancer,alpha005,ABAPC (bb),3578,bnlearn_abapc_bb_matched10_others_gsq_searchv3_graphmetrics,10,34,7,3,33,1,5,3,2,0,1,1,32,0,4,0,4,0,0,0.6,3.0,8.0,0.4,4.0,8.0,14.0,0.43323826789855957,10,3,dynamic
cancer,alpha005,ABAPC (bb),7816,bnlearn_abapc_bb_matched10_others_gsq_searchv3_graphmetrics,7,37,3,4,36,1,3,3,0,1,2,1,34,0,3,0,3,0,0,0.4444,3.0,9.0,0.4444,3.0,5.0,15.0,1.717853307723999,7,1,dynamic
cancer,alpha005,ABAPC (bb),7977,bnlearn_abapc_bb_matched10_others_gsq_searchv3_graphmetrics,21,36,14,7,36,0,6,6,8,1,2,0,34,0,4,0,4,0,0,0.5,2.0,10.0,0.5,2.0,5.0,15.0,0.3489706516265869,21,4,dynamic
cancer,alpha005,ABAPC (bb),8266,bnlearn_abapc_bb_matched10_others_gsq_searchv3_graphmetrics,11,33,6,5,33,0,5,5,1,0,1,0,32,0,5,0,5,0,0,0.6,3.0,5.0,0.4,4.0,0.0,18.0,0.3194308280944824,11,5,dynamic
cancer,alpha005,ABAPC (bb-nor),183,bnlearn_abapc_bb_norapprox_matched10_others_gsq_searchv3_graphmetrics,6,16,2,4,14,2,1,3,1,1,2,2,12,0,3,1,2,0,1,0.5714,2.0,6.0,0.5714,2.0,6.0,11.0,0.20346474647521973,6,3,frozen_initial
cancer,alpha005,ABAPC (bb-nor),316,bnlearn_abapc_bb_norapprox_matched10_others_gsq_searchv3_graphmetrics,17,20,12,5,20,0,4,5,8,0,0,0,20,0,7,1,6,0,1,0.5714,2.0,6.0,0.5714,2.0,1.0,11.0,0.23646235466003418,17,7,frozen_initial
cancer,alpha005,ABAPC (bb-nor),2494,bnlearn_abapc_bb_norapprox_matched10_others_gsq_searchv3_graphmetrics,10,36,7,3,36,0,4,3,3,0,2,0,34,0,4,0,4,0,0,1.0,0.0,0.0,1.0,0.0,0.0,5.0,0.2621586322784424,10,2,frozen_initial
cancer,alpha005,ABAPC (bb-nor),2656,bnlearn_abapc_bb_norapprox_matched10_others_gsq_searchv3_graphmetrics,13,15,7,6,15,0,4,6,3,0,0,0,15,0,7,1,6,0,1,0.5714,2.0,6.0,0.5714,2.0,6.0,11.0,0.2315073013305664,13,7,frozen_initial
cancer,alpha005,ABAPC (bb-nor),2688,bnlearn_abapc_bb_norapprox_matched10_others_gsq_searchv3_graphmetrics,12,32,8,4,32,0,4,4,4,0,2,0,30,0,4,0,4,0,0,0.75,1.0,5.0,0.5,2.0,5.0,15.0,0.26739501953125,12,4,frozen_initial
cancer,alpha005,ABAPC (bb-nor),3199,bnlearn_abapc_bb_norapprox_matched10_others_gsq_searchv3_graphmetrics,13,15,7,6,15,0,4,6,3,0,0,0,15,0,7,1,6,0,1,0.5714,2.0,6.0,0.5714,2.0,1.0,11.0,0.2310326099395752,13,7,frozen_initial
cancer,alpha005,ABAPC (bb-nor),3578,bnlearn_abapc_bb_norapprox_matched10_others_gsq_searchv3_graphmetrics,10,34,7,3,33,1,5,3,2,0,1,1,32,0,4,0,4,0,0,0.75,1.0,5.0,0.75,1.0,5.0,10.0,0.24715304374694824,10,3,frozen_initial
cancer,alpha005,ABAPC (bb-nor),7816,bnlearn_abapc_bb_norapprox_matched10_others_gsq_searchv3_graphmetrics,7,37,3,4,36,1,3,3,0,1,2,1,34,0,3,0,3,0,0,0.75,1.0,5.0,0.75,1.0,5.0,10.0,0.2776057720184326,7,1,frozen_initial
cancer,alpha005,ABAPC (bb-nor),7977,bnlearn_abapc_bb_norapprox_matched10_others_gsq_searchv3_graphmetrics,21,36,14,7,36,0,6,6,8,1,2,0,34,0,4,0,4,0,0,0.25,3.0,15.0,0.5,2.0,5.0,15.0,0.2778923511505127,21,4,frozen_initial
cancer,alpha005,ABAPC (bb-nor),8266,bnlearn_abapc_bb_norapprox_matched10_others_gsq_searchv3_graphmetrics,11,33,6,5,33,0,5,5,1,0,1,0,32,0,5,0,5,0,0,0.5,2.0,10.0,0.5,2.0,5.0,15.0,0.2382831573486328,11,5,frozen_initial
cancer,alpha001,ABAPC (nor),183,bnlearn_abapc_nor_matched10_others_gsq_alpha001,6,16,2,4,14,2,2,4,0,0,2,2,12,0,3,1,2,0,0,0.5714,2.0,6.0,0.5714,2.0,6.0,11.0,0.0548708438873291,6,3,
cancer,alpha001,ABAPC (nor),316,bnlearn_abapc_nor_matched10_others_gsq_alpha001,13,15,6,7,15,0,4,7,2,0,0,0,15,0,7,1,6,0,0,0.0,4.0,16.0,0.0,4.0,11.0,16.0,0.07279777526855469,13,7,
cancer,alpha001,ABAPC (nor),2494,bnlearn_abapc_nor_matched10_others_gsq_alpha001,10,34,4,6,34,0,4,6,0,0,2,0,32,0,4,0,4,0,0,1.0,0.0,0.0,1.0,0.0,0.0,5.0,0.07779407501220703,10,4,
cancer,alpha001,ABAPC (nor),2656,bnlearn_abapc_nor_matched10_others_gsq_alpha001,4,18,3,1,13,5,3,1,0,0,1,5,12,0,1,1,0,0,0,0.2857,3.0,11.0,0.2857,3.0,11.0,11.0,0.05582094192504883,4,1,
cancer,alpha001,ABAPC (nor),2688,bnlearn_abapc_nor_matched10_others_gsq_alpha001,12,16,6,6,16,0,3,6,3,0,1,0,15,0,6,1,5,0,0,0.0,4.0,16.0,0.0,4.0,11.0,16.0,0.06983637809753418,12,6,
cancer,alpha001,ABAPC (nor),3199,bnlearn_abapc_nor_matched10_others_gsq_alpha001,4,18,1,3,15,3,1,3,0,0,3,3,12,0,1,1,0,0,0,0.0,4.0,16.0,0.0,4.0,11.0,16.0,0.0554201602935791,4,1,
cancer,alpha001,ABAPC (nor),3578,bnlearn_abapc_nor_matched10_others_gsq_alpha001,16,21,10,6,21,0,4,6,6,0,0,0,21,0,7,1,6,0,0,0.5714,2.0,6.0,0.5714,2.0,6.0,11.0,0.0801992416381836,16,7,
cancer,alpha001,ABAPC (nor),7816,bnlearn_abapc_nor_matched10_others_gsq_alpha001,9,35,4,5,34,1,4,5,0,0,2,1,32,0,3,0,3,0,0,0.75,1.0,5.0,0.75,1.0,5.0,10.0,0.08363080024719238,9,3,
cancer,alpha001,ABAPC (nor),7977,bnlearn_abapc_nor_matched10_others_gsq_alpha001,16,21,11,5,21,0,4,5,7,0,0,0,21,0,7,1,6,0,0,0.5714,2.0,6.0,0.5714,2.0,1.0,11.0,0.44005608558654785,16,7,
cancer,alpha001,ABAPC (nor),8266,bnlearn_abapc_nor_matched10_others_gsq_alpha001,11,33,5,6,33,0,5,6,0,0,1,0,32,0,5,0,5,0,0,0.75,1.0,5.0,0.75,1.0,5.0,10.0,0.07948803901672363,11,5,
cancer,alpha001,ABAPC (bb),183,bnlearn_abapc_bb_matched10_others_gsq_searchv3_alpha001,6,16,2,4,14,2,2,4,0,0,2,2,12,0,3,1,2,0,0,0.5714,2.0,6.0,0.5714,2.0,6.0,11.0,0.2420203685760498,6,3,dynamic
cancer,alpha001,ABAPC (bb),316,bnlearn_abapc_bb_matched10_others_gsq_searchv3_alpha001,8,20,3,5,18,2,3,5,0,0,1,2,17,0,4,1,3,0,0,0.4444,4.0,7.0,0.4444,4.0,7.0,7.0,0.24557018280029297,8,3,dynamic
cancer,alpha001,ABAPC (bb),2494,bnlearn_abapc_bb_matched10_others_gsq_searchv3_alpha001,10,34,4,6,34,0,4,6,0,0,2,0,32,0,4,0,4,0,0,0.6667,2.0,4.0,0.6667,2.0,4.0,14.0,0.27095866203308105,10,4,dynamic
cancer,alpha001,ABAPC (bb),2656,bnlearn_abapc_bb_matched10_others_gsq_searchv3_alpha001,4,18,3,1,13,5,3,1,0,0,1,5,12,0,1,1,0,0,0,0.2857,3.0,11.0,0.2857,3.0,11.0,11.0,0.2735576629638672,4,1,dynamic
cancer,alpha001,ABAPC (bb),2688,bnlearn_abapc_bb_matched10_others_gsq_searchv3_alpha001,10,18,5,5,17,1,3,5,2,0,1,1,16,0,5,1,4,0,0,0.25,3.0,15.0,0.25,3.0,10.0,15.0,0.25533199310302734,10,4,dynamic
cancer,alpha001,ABAPC (bb),3199,bnlearn_abapc_bb_matched10_others_gsq_searchv3_alpha001,4,18,1,3,15,3,1,3,0,0,3,3,12,0,1,1,0,0,0,0.0,4.0,16.0,0.0,4.0,11.0,16.0,0.26146650314331055,4,1,dynamic
cancer,alpha001,ABAPC (bb),3578,bnlearn_abapc_bb_matched10_others_gsq_searchv3_alpha001,6,31,1,5,30,1,1,5,0,0,3,1,27,0,3,1,2,0,0,0.6667,2.0,4.0,0.6667,2.0,4.0,14.0,0.29626011848449707,6,2,dynamic
cancer,alpha001,ABAPC (bb),7816,bnlearn_abapc_bb_matched10_others_gsq_searchv3_alpha001,9,35,4,5,34,1,4,5,0,0,2,1,32,0,3,0,3,0,0,0.6667,2.0,4.0,0.6667,2.0,4.0,14.0,0.2680625915527344,9,3,dynamic
cancer,alpha001,ABAPC (bb),7977,bnlearn_abapc_bb_matched10_others_gsq_searchv3_alpha001,9,28,4,5,28,0,3,5,1,0,1,0,27,0,6,1,5,0,0,0.4,4.0,9.0,0.4,4.0,5.0,15.0,0.24051737785339355,9,4,dynamic
cancer,alpha001,ABAPC (bb),8266,bnlearn_abapc_bb_matched10_others_gsq_searchv3_alpha001,11,33,5,6,33,0,5,6,0,0,1,0,32,0,5,0,5,0,0,0.1818,6.0,12.0,0.3636,5.0,5.0,19.0,0.2590925693511963,11,5,dynamic
cancer,alpha001,ABAPC (bb-nor),183,bnlearn_abapc_bb_norapprox_matched10_others_gsq_searchv3_alpha001,6,16,2,4,14,2,2,4,0,0,2,2,12,0,3,1,2,0,1,0.5714,2.0,6.0,0.5714,2.0,6.0,11.0,0.19176054000854492,6,3,frozen_initial
cancer,alpha001,ABAPC (bb-nor),316,bnlearn_abapc_bb_norapprox_matched10_others_gsq_searchv3_alpha001,13,15,6,7,15,0,4,7,2,0,0,0,15,0,7,1,6,0,1,0.5714,2.0,6.0,0.5714,2.0,1.0,11.0,0.21752452850341797,13,7,frozen_initial
cancer,alpha001,ABAPC (bb-nor),2494,bnlearn_abapc_bb_norapprox_matched10_others_gsq_searchv3_alpha001,10,34,4,6,34,0,4,6,0,0,2,0,32,0,4,0,4,0,0,1.0,0.0,0.0,1.0,0.0,0.0,5.0,0.3030834197998047,10,4,frozen_initial
cancer,alpha001,ABAPC (bb-nor),2656,bnlearn_abapc_bb_norapprox_matched10_others_gsq_searchv3_alpha001,4,18,3,1,13,5,3,1,0,0,1,5,12,0,1,1,0,0,1,0.2857,3.0,11.0,0.2857,3.0,11.0,11.0,0.25829625129699707,4,1,frozen_initial
cancer,alpha001,ABAPC (bb-nor),2688,bnlearn_abapc_bb_norapprox_matched10_others_gsq_searchv3_alpha001,12,16,6,6,16,0,3,6,3,0,1,0,15,0,6,1,5,0,1,0.5714,2.0,6.0,0.5714,2.0,1.0,11.0,0.35780811309814453,12,6,frozen_initial
cancer,alpha001,ABAPC (bb-nor),3199,bnlearn_abapc_bb_norapprox_matched10_others_gsq_searchv3_alpha001,4,18,1,3,15,3,1,3,0,0,3,3,12,0,1,1,0,0,1,0.0,4.0,16.0,0.0,4.0,11.0,16.0,0.21746206283569336,4,1,frozen_initial
cancer,alpha001,ABAPC (bb-nor),3578,bnlearn_abapc_bb_norapprox_matched10_others_gsq_searchv3_alpha001,16,21,10,6,21,0,4,6,6,0,0,0,21,0,7,1,6,0,1,0.5714,2.0,6.0,0.5714,2.0,1.0,11.0,0.24912118911743164,16,7,frozen_initial
cancer,alpha001,ABAPC (bb-nor),7816,bnlearn_abapc_bb_norapprox_matched10_others_gsq_searchv3_alpha001,9,35,4,5,34,1,4,5,0,0,2,1,32,0,3,0,3,0,0,0.75,1.0,5.0,0.75,1.0,5.0,10.0,0.21999263763427734,9,3,frozen_initial
cancer,alpha001,ABAPC (bb-nor),7977,bnlearn_abapc_bb_norapprox_matched10_others_gsq_searchv3_alpha001,16,21,11,5,21,0,4,5,7,0,0,0,21,0,7,1,6,0,1,0.2857,3.0,11.0,0.5714,2.0,1.0,11.0,0.2174515724182129,16,7,frozen_initial
cancer,alpha001,ABAPC (bb-nor),8266,bnlearn_abapc_bb_norapprox_matched10_others_gsq_searchv3_alpha001,11,33,5,6,33,0,5,6,0,0,1,0,32,0,5,0,5,0,0,0.25,3.0,15.0,0.25,3.0,10.0,15.0,0.19252562522888184,11,5,frozen_initial
earthquake,alpha005,ABAPC (nor),183,bnlearn_abapc_nor_matched10_others_gsq_graphmetrics,8,48,6,2,48,0,5,0,1,2,1,0,47,0,5,0,5,0,0,1.0,0.0,0.0,1.0,0.0,0.0,5.0,0.07469058036804199,8,0,
earthquake,alpha005,ABAPC (nor),316,bnlearn_abapc_nor_matched10_others_gsq_graphmetrics,0,58,0,0,57,1,0,0,0,0,9,0,48,1,0,0,0,0,0,0.8889,1.0,0.0,0.8889,1.0,0.0,9.0,0.3280799388885498,0,0,
earthquake,alpha005,ABAPC (nor),2494,bnlearn_abapc_nor_matched10_others_gsq_graphmetrics,5,54,4,1,54,0,4,0,0,1,4,0,50,0,2,0,2,0,0,1.0,0.0,0.0,1.0,0.0,0.0,5.0,0.06928300857543945,5,0,
earthquake,alpha005,ABAPC (nor),2656,bnlearn_abapc_nor_matched10_others_gsq_graphmetrics,3,56,1,2,56,0,1,1,0,1,7,0,49,0,0,0,0,0,0,1.0,0.0,0.0,1.0,0.0,0.0,5.0,0.0674591064453125,3,0,
earthquake,alpha005,ABAPC (nor),2688,bnlearn_abapc_nor_matched10_others_gsq_graphmetrics,0,58,0,0,57,1,0,0,0,0,9,0,48,1,0,0,0,0,0,0.8889,1.0,0.0,0.8889,1.0,0.0,9.0,0.6868984699249268,0,0,
earthquake,alpha005,ABAPC (nor),3199,bnlearn_abapc_nor_matched10_others_gsq_graphmetrics,2,57,2,0,56,1,2,0,0,0,6,0,50,1,0,0,0,0,0,0.8889,1.0,0.0,0.8889,1.0,0.0,14.0,0.06613588333129883,2,0,
earthquake,alpha005,ABAPC (nor),3578,bnlearn_abapc_nor_matched10_others_gsq_graphmetrics,0,54,0,0,54,0,0,0,0,0,6,0,48,0,0,0,0,0,0,1.0,0.0,0.0,1.0,0.0,0.0,5.0,0.0574798583984375,0,0,
earthquake,alpha005,ABAPC (nor),7816,bnlearn_abapc_nor_matched10_others_gsq_graphmetrics,0,54,0,0,54,0,0,0,0,0,6,0,48,0,0,0,0,0,0,1.0,0.0,0.0,1.0,0.0,0.0,5.0,0.06788992881774902,0,0,
earthquake,alpha005,ABAPC (nor),7977,bnlearn_abapc_nor_matched10_others_gsq_graphmetrics,0,54,0,0,54,0,0,0,0,0,6,0,48,0,0,0,0,0,0,1.0,0.0,0.0,1.0,0.0,0.0,5.0,0.06015181541442871,0,0,
earthquake,alpha005,ABAPC (nor),8266,bnlearn_abapc_nor_matched10_others_gsq_graphmetrics,0,54,0,0,54,0,0,0,0,0,6,0,48,0,0,0,0,0,0,1.0,0.0,0.0,1.0,0.0,0.0,5.0,0.05695652961730957,0,0,
earthquake,alpha005,ABAPC (bb),183,bnlearn_abapc_bb_matched10_others_gsq_searchv3_graphmetrics,1,55,1,0,53,2,1,0,0,0,5,0,48,2,1,0,1,0,0,0.8889,1.0,0.0,0.8889,1.0,0.0,14.0,0.3568441867828369,1,0,dynamic
earthquake,alpha005,ABAPC (bb),316,bnlearn_abapc_bb_matched10_others_gsq_searchv3_graphmetrics,0,58,0,0,57,1,0,0,0,0,9,0,48,1,0,0,0,0,0,0.8889,1.0,0.0,0.8889,1.0,0.0,9.0,0.07476258277893066,0,0,dynamic
earthquake,alpha005,ABAPC (bb),2494,bnlearn_abapc_bb_matched10_others_gsq_searchv3_graphmetrics,5,54,4,1,54,0,4,0,0,1,4,0,50,0,2,0,2,0,0,0.0,6.0,18.0,0.4,4.0,0.0,18.0,0.604280948638916,5,0,dynamic
earthquake,alpha005,ABAPC (bb),2656,bnlearn_abapc_bb_matched10_others_gsq_searchv3_graphmetrics,3,56,1,2,56,0,1,1,0,1,7,0,49,0,0,0,0,0,0,1.0,0.0,0.0,1.0,0.0,0.0,5.0,0.46926021575927734,3,0,dynamic
earthquake,alpha005,ABAPC (bb),2688,bnlearn_abapc_bb_matched10_others_gsq_searchv3_graphmetrics,0,58,0,0,57,1,0,0,0,0,9,0,48,1,0,0,0,0,0,0.8889,1.0,0.0,0.8889,1.0,0.0,9.0,0.07647967338562012,0,0,dynamic
earthquake,alpha005,ABAPC (bb),3199,bnlearn_abapc_bb_matched10_others_gsq_searchv3_graphmetrics,2,57,2,0,56,1,2,0,0,0,6,0,50,1,0,0,0,0,0,0.8889,1.0,0.0,0.8889,1.0,0.0,14.0,0.42178964614868164,2,0,dynamic
earthquake,alpha005,ABAPC (bb),3578,bnlearn_abapc_bb_matched10_others_gsq_searchv3_graphmetrics,0,54,0,0,54,0,0,0,0,0,6,0,48,0,0,0,0,0,0,1.0,0.0,0.0,1.0,0.0,0.0,5.0,0.0820302963256836,0,0,dynamic
earthquake,alpha005,ABAPC (bb),7816,bnlearn_abapc_bb_matched10_others_gsq_searchv3_graphmetrics,0,54,0,0,54,0,0,0,0,0,6,0,48,0,0,0,0,0,0,1.0,0.0,0.0,1.0,0.0,0.0,5.0,0.08029961585998535,0,0,dynamic
earthquake,alpha005,ABAPC (bb),7977,bnlearn_abapc_bb_matched10_others_gsq_searchv3_graphmetrics,0,54,0,0,54,0,0,0,0,0,6,0,48,0,0,0,0,0,0,1.0,0.0,0.0,1.0,0.0,0.0,5.0,0.07445478439331055,0,0,dynamic
earthquake,alpha005,ABAPC (bb),8266,bnlearn_abapc_bb_matched10_others_gsq_searchv3_graphmetrics,0,54,0,0,54,0,0,0,0,0,6,0,48,0,0,0,0,0,0,1.0,0.0,0.0,1.0,0.0,0.0,5.0,0.06945919990539551,0,0,dynamic
earthquake,alpha005,ABAPC (bb-nor),183,bnlearn_abapc_bb_norapprox_matched10_others_gsq_searchv3_graphmetrics,8,48,6,2,48,0,5,0,1,2,1,0,47,0,5,0,5,0,0,1.0,0.0,0.0,1.0,0.0,0.0,5.0,0.27153682708740234,8,0,frozen_initial
earthquake,alpha005,ABAPC (bb-nor),316,bnlearn_abapc_bb_norapprox_matched10_others_gsq_searchv3_graphmetrics,0,58,0,0,57,1,0,0,0,0,9,0,48,1,0,0,0,0,0,0.8889,1.0,0.0,0.8889,1.0,0.0,9.0,0.0780332088470459,0,0,frozen_initial
earthquake,alpha005,ABAPC (bb-nor),2494,bnlearn_abapc_bb_norapprox_matched10_others_gsq_searchv3_graphmetrics,5,54,4,1,54,0,4,0,0,1,4,0,50,0,2,0,2,0,0,1.0,0.0,0.0,1.0,0.0,0.0,5.0,0.2723519802093506,5,0,frozen_initial
earthquake,alpha005,ABAPC (bb-nor),2656,bnlearn_abapc_bb_norapprox_matched10_others_gsq_searchv3_graphmetrics,3,56,1,2,56,0,1,1,0,1,7,0,49,0,0,0,0,0,0,1.0,0.0,0.0,1.0,0.0,0.0,5.0,0.2647101879119873,3,0,frozen_initial
earthquake,alpha005,ABAPC (bb-nor),2688,bnlearn_abapc_bb_norapprox_matched10_others_gsq_searchv3_graphmetrics,0,58,0,0,57,1,0,0,0,0,9,0,48,1,0,0,0,0,0,0.8889,1.0,0.0,0.8889,1.0,0.0,9.0,0.07912087440490723,0,0,frozen_initial
earthquake,alpha005,ABAPC (bb-nor),3199,bnlearn_abapc_bb_norapprox_matched10_others_gsq_searchv3_graphmetrics,2,57,2,0,56,1,2,0,0,0,6,0,50,1,0,0,0,0,0,0.8889,1.0,0.0,0.8889,1.0,0.0,14.0,0.2740776538848877,2,0,frozen_initial
earthquake,alpha005,ABAPC (bb-nor),3578,bnlearn_abapc_bb_norapprox_matched10_others_gsq_searchv3_graphmetrics,0,54,0,0,54,0,0,0,0,0,6,0,48,0,0,0,0,0,0,1.0,0.0,0.0,1.0,0.0,0.0,5.0,0.06852602958679199,0,0,frozen_initial
earthquake,alpha005,ABAPC (bb-nor),7816,bnlearn_abapc_bb_norapprox_matched10_others_gsq_searchv3_graphmetrics,0,54,0,0,54,0,0,0,0,0,6,0,48,0,0,0,0,0,0,1.0,0.0,0.0,1.0,0.0,0.0,5.0,0.07915902137756348,0,0,frozen_initial
earthquake,alpha005,ABAPC (bb-nor),7977,bnlearn_abapc_bb_norapprox_matched10_others_gsq_searchv3_graphmetrics,0,54,0,0,54,0,0,0,0,0,6,0,48,0,0,0,0,0,0,1.0,0.0,0.0,1.0,0.0,0.0,5.0,0.07590723037719727,0,0,frozen_initial
earthquake,alpha005,ABAPC (bb-nor),8266,bnlearn_abapc_bb_norapprox_matched10_others_gsq_searchv3_graphmetrics,0,54,0,0,54,0,0,0,0,0,6,0,48,0,0,0,0,0,0,1.0,0.0,0.0,1.0,0.0,0.0,5.0,0.07225704193115234,0,0,frozen_initial
earthquake,alpha001,ABAPC (nor),183,bnlearn_abapc_nor_matched10_others_gsq_alpha001,3,56,1,2,55,1,1,2,0,0,7,0,48,1,0,0,0,0,0,0.8889,1.0,0.0,0.8889,1.0,0.0,14.0,0.06974363327026367,3,0,
earthquake,alpha001,ABAPC (nor),316,bnlearn_abapc_nor_matched10_others_gsq_alpha001,0,54,0,0,54,0,0,0,0,0,6,0,48,0,0,0,0,0,0,1.0,0.0,0.0,1.0,0.0,0.0,5.0,0.055943965911865234,0,0,
earthquake,alpha001,ABAPC (nor),2494,bnlearn_abapc_nor_matched10_others_gsq_alpha001,0,54,0,0,54,0,0,0,0,0,6,0,48,0,0,0,0,0,0,1.0,0.0,0.0,1.0,0.0,0.0,5.0,0.05667686462402344,0,0,
earthquake,alpha001,ABAPC (nor),2656,bnlearn_abapc_nor_matched10_others_gsq_alpha001,3,51,2,1,51,0,2,1,0,0,4,0,47,0,2,0,2,0,0,1.0,0.0,0.0,1.0,0.0,0.0,5.0,0.06324172019958496,3,0,
earthquake,alpha001,ABAPC (nor),2688,bnlearn_abapc_nor_matched10_others_gsq_alpha001,0,54,0,0,54,0,0,0,0,0,6,0,48,0,0,0,0,0,0,1.0,0.0,0.0,1.0,0.0,0.0,5.0,0.055310726165771484,0,0,
earthquake,alpha001,ABAPC (nor),3199,bnlearn_abapc_nor_matched10_others_gsq_alpha001,0,54,0,0,54,0,0,0,0,0,6,0,48,0,0,0,0,0,0,1.0,0.0,0.0,1.0,0.0,0.0,5.0,0.055587053298950195,0,0,
earthquake,alpha001,ABAPC (nor),3578,bnlearn_abapc_nor_matched10_others_gsq_alpha001,0,54,0,0,54,0,0,0,0,0,6,0,48,0,0,0,0,0,0,1.0,0.0,0.0,1.0,0.0,0.0,5.0,0.05831599235534668,0,0,
earthquake,alpha001,ABAPC (nor),7816,bnlearn_abapc_nor_matched10_others_gsq_alpha001,0,54,0,0,54,0,0,0,0,0,6,0,48,0,0,0,0,0,0,1.0,0.0,0.0,1.0,0.0,0.0,5.0,0.06888151168823242,0,0,
earthquake,alpha001,ABAPC (nor),7977,bnlearn_abapc_nor_matched10_others_gsq_alpha001,0,54,0,0,54,0,0,0,0,0,6,0,48,0,0,0,0,0,0,1.0,0.0,0.0,1.0,0.0,0.0,5.0,0.05635237693786621,0,0,
earthquake,alpha001,ABAPC (nor),8266,bnlearn_abapc_nor_matched10_others_gsq_alpha001,0,54,0,0,54,0,0,0,0,0,6,0,48,0,0,0,0,0,0,1.0,0.0,0.0,1.0,0.0,0.0,5.0,0.05792570114135742,0,0,
earthquake,alpha001,ABAPC (bb),183,bnlearn_abapc_bb_matched10_others_gsq_searchv3_alpha001,3,56,1,2,55,1,1,2,0,0,7,0,48,1,0,0,0,0,0,0.8889,1.0,0.0,0.8889,1.0,0.0,14.0,0.28852176666259766,3,0,dynamic
earthquake,alpha001,ABAPC (bb),316,bnlearn_abapc_bb_matched10_others_gsq_searchv3_alpha001,0,54,0,0,54,0,0,0,0,0,6,0,48,0,0,0,0,0,0,1.0,0.0,0.0,1.0,0.0,0.0,5.0,0.07198810577392578,0,0,dynamic
earthquake,alpha001,ABAPC (bb),2494,bnlearn_abapc_bb_matched10_others_gsq_searchv3_alpha001,0,54,0,0,54,0,0,0,0,0,6,0,48,0,0,0,0,0,0,1.0,0.0,0.0,1.0,0.0,0.0,5.0,0.08622908592224121,0,0,dynamic
earthquake,alpha001,ABAPC (bb),2656,bnlearn_abapc_bb_matched10_others_gsq_searchv3_alpha001,3,51,2,1,51,0,2,1,0,0,4,0,47,0,2,0,2,0,0,1.0,0.0,0.0,1.0,0.0,0.0,5.0,0.30006861686706543,3,0,dynamic
earthquake,alpha001,ABAPC (bb),2688,bnlearn_abapc_bb_matched10_others_gsq_searchv3_alpha001,0,54,0,0,54,0,0,0,0,0,6,0,48,0,0,0,0,0,0,1.0,0.0,0.0,1.0,0.0,0.0,5.0,0.07372784614562988,0,0,dynamic
earthquake,alpha001,ABAPC (bb),3199,bnlearn_abapc_bb_matched10_others_gsq_searchv3_alpha001,0,54,0,0,54,0,0,0,0,0,6,0,48,0,0,0,0,0,0,1.0,0.0,0.0,1.0,0.0,0.0,5.0,0.07065010070800781,0,0,dynamic
earthquake,alpha001,ABAPC (bb),3578,bnlearn_abapc_bb_matched10_others_gsq_searchv3_alpha001,0,54,0,0,54,0,0,0,0,0,6,0,48,0,0,0,0,0,0,1.0,0.0,0.0,1.0,0.0,0.0,5.0,0.06808209419250488,0,0,dynamic
earthquake,alpha001,ABAPC (bb),7816,bnlearn_abapc_bb_matched10_others_gsq_searchv3_alpha001,0,54,0,0,54,0,0,0,0,0,6,0,48,0,0,0,0,0,0,1.0,0.0,0.0,1.0,0.0,0.0,5.0,0.08150863647460938,0,0,dynamic
earthquake,alpha001,ABAPC (bb),7977,bnlearn_abapc_bb_matched10_others_gsq_searchv3_alpha001,0,54,0,0,54,0,0,0,0,0,6,0,48,0,0,0,0,0,0,1.0,0.0,0.0,1.0,0.0,0.0,5.0,0.07350850105285645,0,0,dynamic
earthquake,alpha001,ABAPC (bb),8266,bnlearn_abapc_bb_matched10_others_gsq_searchv3_alpha001,0,54,0,0,54,0,0,0,0,0,6,0,48,0,0,0,0,0,0,1.0,0.0,0.0,1.0,0.0,0.0,5.0,0.07205605506896973,0,0,dynamic
earthquake,alpha001,ABAPC (bb-nor),183,bnlearn_abapc_bb_norapprox_matched10_others_gsq_searchv3_alpha001,3,56,1,2,55,1,1,2,0,0,7,0,48,1,0,0,0,0,0,0.8889,1.0,0.0,0.8889,1.0,0.0,14.0,0.2678501605987549,3,0,frozen_initial
earthquake,alpha001,ABAPC (bb-nor),316,bnlearn_abapc_bb_norapprox_matched10_others_gsq_searchv3_alpha001,0,54,0,0,54,0,0,0,0,0,6,0,48,0,0,0,0,0,0,1.0,0.0,0.0,1.0,0.0,0.0,5.0,0.05958271026611328,0,0,frozen_initial
earthquake,alpha001,ABAPC (bb-nor),2494,bnlearn_abapc_bb_norapprox_matched10_others_gsq_searchv3_alpha001,0,54,0,0,54,0,0,0,0,0,6,0,48,0,0,0,0,0,0,1.0,0.0,0.0,1.0,0.0,0.0,5.0,0.06052660942077637,0,0,frozen_initial
earthquake,alpha001,ABAPC (bb-nor),2656,bnlearn_abapc_bb_norapprox_matched10_others_gsq_searchv3_alpha001,3,51,2,1,51,0,2,1,0,0,4,0,47,0,2,0,2,0,0,1.0,0.0,0.0,1.0,0.0,0.0,5.0,0.27627992630004883,3,0,frozen_initial
earthquake,alpha001,ABAPC (bb-nor),2688,bnlearn_abapc_bb_norapprox_matched10_others_gsq_searchv3_alpha001,0,54,0,0,54,0,0,0,0,0,6,0,48,0,0,0,0,0,0,1.0,0.0,0.0,1.0,0.0,0.0,5.0,0.06619763374328613,0,0,frozen_initial
earthquake,alpha001,ABAPC (bb-nor),3199,bnlearn_abapc_bb_norapprox_matched10_others_gsq_searchv3_alpha001,0,54,0,0,54,0,0,0,0,0,6,0,48,0,0,0,0,0,0,1.0,0.0,0.0,1.0,0.0,0.0,5.0,0.060292959213256836,0,0,frozen_initial
earthquake,alpha001,ABAPC (bb-nor),3578,bnlearn_abapc_bb_norapprox_matched10_others_gsq_searchv3_alpha001,0,54,0,0,54,0,0,0,0,0,6,0,48,0,0,0,0,0,0,1.0,0.0,0.0,1.0,0.0,0.0,5.0,0.0593259334564209,0,0,frozen_initial
earthquake,alpha001,ABAPC (bb-nor),7816,bnlearn_abapc_bb_norapprox_matched10_others_gsq_searchv3_alpha001,0,54,0,0,54,0,0,0,0,0,6,0,48,0,0,0,0,0,0,1.0,0.0,0.0,1.0,0.0,0.0,5.0,0.06763601303100586,0,0,frozen_initial
earthquake,alpha001,ABAPC (bb-nor),7977,bnlearn_abapc_bb_norapprox_matched10_others_gsq_searchv3_alpha001,0,54,0,0,54,0,0,0,0,0,6,0,48,0,0,0,0,0,0,1.0,0.0,0.0,1.0,0.0,0.0,5.0,0.06406021118164062,0,0,frozen_initial
earthquake,alpha001,ABAPC (bb-nor),8266,bnlearn_abapc_bb_norapprox_matched10_others_gsq_searchv3_alpha001,0,54,0,0,54,0,0,0,0,0,6,0,48,0,0,0,0,0,0,1.0,0.0,0.0,1.0,0.0,0.0,5.0,0.060999155044555664,0,0,frozen_initial
survey,alpha005,ABAPC (nor),183,bnlearn_abapc_nor_matched10_others_gsq_graphmetrics,32,14,15,17,13,1,8,17,7,0,0,1,13,0,9,1,8,0,0,0.2,5.0,21.0,0.6,5.0,8.0,21.0,0.26488494873046875,32,10,
survey,alpha005,ABAPC (nor),316,bnlearn_abapc_nor_matched10_others_gsq_graphmetrics,43,18,25,18,18,0,8,18,17,0,0,0,18,0,10,1,9,0,0,0.4,4.0,18.0,0.4,5.0,18.0,19.0,0.2894284725189209,43,12,
survey,alpha005,ABAPC (nor),2494,bnlearn_abapc_nor_matched10_others_gsq_graphmetrics,29,18,13,16,17,1,4,16,9,0,1,1,16,0,9,2,7,0,0,0.2,5.0,18.0,0.6,5.0,17.0,18.0,0.2793724536895752,29,8,
survey,alpha005,ABAPC (nor),2656,bnlearn_abapc_nor_matched10_others_gsq_graphmetrics,41,27,18,23,27,0,7,21,11,2,0,0,27,0,9,1,8,0,0,0.6667,3.0,12.0,0.6667,3.0,12.0,12.0,0.3228490352630615,41,8,
survey,alpha005,ABAPC (nor),2688,bnlearn_abapc_nor_matched10_others_gsq_graphmetrics,42,44,17,25,43,1,12,23,5,2,1,1,42,0,7,0,7,0,0,0.8333,1.0,7.0,0.8333,1.0,7.0,13.0,0.15455961227416992,42,6,
survey,alpha005,ABAPC (nor),3199,bnlearn_abapc_nor_matched10_others_gsq_graphmetrics,38,30,17,21,30,0,6,20,11,1,0,0,30,0,10,1,9,0,0,0.5455,3.0,16.0,0.7273,4.0,16.0,17.0,0.304776668548584,38,9,
survey,alpha005,ABAPC (nor),3578,bnlearn_abapc_nor_matched10_others_gsq_graphmetrics,47,26,17,30,25,1,9,29,8,1,2,0,23,1,7,1,6,0,0,0.6667,3.0,9.0,0.8333,4.0,5.0,22.0,0.15787100791931152,47,6,
survey,alpha005,ABAPC (nor),7816,bnlearn_abapc_nor_matched10_others_gsq_graphmetrics,33,29,16,17,28,1,7,16,9,1,0,1,28,0,9,1,8,0,0,0.3636,4.0,15.0,0.5455,5.0,14.0,15.0,0.31073594093322754,33,9,
survey,alpha005,ABAPC (nor),7977,bnlearn_abapc_nor_matched10_others_gsq_graphmetrics,26,20,9,17,20,0,7,17,2,0,1,0,19,0,9,1,8,0,0,0.7273,2.0,7.0,0.9091,2.0,1.0,14.0,0.2574629783630371,26,9,
survey,alpha005,ABAPC (nor),8266,bnlearn_abapc_nor_matched10_others_gsq_graphmetrics,38,29,20,18,28,1,8,18,12,0,0,1,28,0,9,1,8,0,0,0.7273,2.0,9.0,0.9091,3.0,9.0,17.0,0.135636568069458,38,7,
survey,alpha005,ABAPC (bb),183,bnlearn_abapc_bb_matched10_others_gsq_searchv3_graphmetrics,31,15,14,17,14,1,7,17,7,0,1,1,13,0,9,1,8,0,0,0.0,10.0,21.0,0.4286,9.0,13.0,28.0,0.6566586494445801,31,10,dynamic
survey,alpha005,ABAPC (bb),316,bnlearn_abapc_bb_matched10_others_gsq_searchv3_graphmetrics,30,31,14,16,29,2,8,16,6,0,0,2,29,0,9,1,8,0,0,0.1333,10.0,21.0,0.4,10.0,10.0,23.0,0.5305759906768799,30,8,dynamic
survey,alpha005,ABAPC (bb),2494,bnlearn_abapc_bb_matched10_others_gsq_searchv3_graphmetrics,28,19,12,16,18,1,4,16,8,0,1,1,17,0,9,2,7,0,0,0.4615,6.0,18.0,0.4615,6.0,12.0,18.0,0.37502121925354004,28,7,dynamic
survey,alpha005,ABAPC (bb),2656,bnlearn_abapc_bb_matched10_others_gsq_searchv3_graphmetrics,34,34,14,20,31,3,7,18,7,2,0,3,31,0,7,1,6,0,0,0.1429,10.0,17.0,0.2857,10.0,12.0,19.0,0.3415083885192871,34,6,dynamic
survey,alpha005,ABAPC (bb),2688,bnlearn_abapc_bb_matched10_others_gsq_searchv3_graphmetrics,42,44,17,25,43,1,12,23,5,2,1,1,42,0,7,0,7,0,0,0.6667,4.0,7.0,0.6667,4.0,7.0,13.0,0.5428898334503174,42,6,dynamic
survey,alpha005,ABAPC (bb),3199,bnlearn_abapc_bb_matched10_others_gsq_searchv3_graphmetrics,25,43,6,19,41,2,5,18,1,1,1,2,40,0,8,1,7,0,0,0.7143,3.0,6.0,0.7143,5.0,6.0,19.0,0.4592103958129883,25,6,dynamic
survey,alpha005,ABAPC (bb),3578,bnlearn_abapc_bb_matched10_others_gsq_searchv3_graphmetrics,44,29,16,28,26,3,9,27,7,1,2,2,24,1,5,1,4,0,0,0.5,5.0,9.0,0.5,5.0,9.0,9.0,0.3863048553466797,44,4,dynamic
survey,alpha005,ABAPC (bb),7816,bnlearn_abapc_bb_matched10_others_gsq_searchv3_graphmetrics,28,34,12,16,32,2,7,15,5,1,0,2,32,0,8,1,7,0,0,0.2667,9.0,26.0,0.2667,10.0,20.0,29.0,0.3999783992767334,28,7,dynamic
survey,alpha005,ABAPC (bb),7977,bnlearn_abapc_bb_matched10_others_gsq_searchv3_graphmetrics,25,21,9,16,20,1,7,16,2,0,1,1,19,0,8,1,7,0,0,0.3333,7.0,19.0,0.5,8.0,13.0,27.0,0.7804811000823975,25,8,dynamic
survey,alpha005,ABAPC (bb),8266,bnlearn_abapc_bb_matched10_others_gsq_searchv3_graphmetrics,35,32,18,17,30,2,8,17,10,0,0,2,30,0,9,1,8,0,0,0.4615,5.0,18.0,0.6154,7.0,6.0,26.0,0.458423376083374,35,7,dynamic
survey,alpha005,ABAPC (bb-nor),183,bnlearn_abapc_bb_norapprox_matched10_others_gsq_searchv3_graphmetrics,32,14,15,17,13,1,8,17,7,0,0,1,13,0,9,1,8,0,1,0.4,4.0,15.0,0.4,4.0,15.0,15.0,0.24558806419372559,32,10,frozen_initial
survey,alpha005,ABAPC (bb-nor),316,bnlearn_abapc_bb_norapprox_matched10_others_gsq_searchv3_graphmetrics,43,18,25,18,18,0,8,18,17,0,0,0,18,0,10,1,9,0,1,0.1818,5.0,24.0,0.5455,6.0,18.0,25.0,0.2832176685333252,43,12,frozen_initial
survey,alpha005,ABAPC (bb-nor),2494,bnlearn_abapc_bb_norapprox_matched10_others_gsq_searchv3_graphmetrics,29,18,13,16,17,1,4,16,9,0,1,1,16,0,9,2,7,0,2,0.4,4.0,17.0,0.6,5.0,17.0,18.0,0.2721984386444092,29,8,frozen_initial
survey,alpha005,ABAPC (bb-nor),2656,bnlearn_abapc_bb_norapprox_matched10_others_gsq_searchv3_graphmetrics,41,27,18,23,27,0,7,21,11,2,0,0,27,0,9,1,8,0,1,0.6667,3.0,10.0,0.6667,4.0,5.0,23.0,0.2946488857269287,41,8,frozen_initial
survey,alpha005,ABAPC (bb-nor),2688,bnlearn_abapc_bb_norapprox_matched10_others_gsq_searchv3_graphmetrics,42,44,17,25,43,1,12,23,5,2,1,1,42,0,7,0,7,0,0,0.8333,1.0,7.0,0.8333,1.0,7.0,13.0,0.29878807067871094,42,6,frozen_initial
survey,alpha005,ABAPC (bb-nor),3199,bnlearn_abapc_bb_norapprox_matched10_others_gsq_searchv3_graphmetrics,38,30,17,21,30,0,6,20,11,1,0,0,30,0,10,1,9,0,1,0.3636,4.0,17.0,0.7273,4.0,16.0,17.0,0.2948801517486572,38,9,frozen_initial
survey,alpha005,ABAPC (bb-nor),3578,bnlearn_abapc_bb_norapprox_matched10_others_gsq_searchv3_graphmetrics,47,26,17,30,25,1,9,29,8,1,2,0,23,1,7,1,6,0,1,0.6667,3.0,9.0,0.8333,4.0,5.0,22.0,0.32642698287963867,47,6,frozen_initial
survey,alpha005,ABAPC (bb-nor),7816,bnlearn_abapc_bb_norapprox_matched10_others_gsq_searchv3_graphmetrics,33,29,16,17,28,1,7,16,9,1,0,1,28,0,9,1,8,0,1,0.3636,4.0,15.0,0.5455,5.0,14.0,15.0,0.2952296733856201,33,9,frozen_initial
survey,alpha005,ABAPC (bb-nor),7977,bnlearn_abapc_bb_norapprox_matched10_others_gsq_searchv3_graphmetrics,26,20,9,17,20,0,7,17,2,0,1,0,19,0,9,1,8,0,1,0.1818,5.0,19.0,0.5455,5.0,18.0,19.0,0.25151968002319336,26,9,frozen_initial
survey,alpha005,ABAPC (bb-nor),8266,bnlearn_abapc_bb_norapprox_matched10_others_gsq_searchv3_graphmetrics,38,29,20,18,28,1,8,18,12,0,0,1,28,0,9,1,8,0,1,0.7273,2.0,9.0,0.9091,3.0,9.0,17.0,0.291759729385376,38,7,frozen_initial
survey,alpha001,ABAPC (nor),183,bnlearn_abapc_nor_matched10_others_gsq_alpha001,16,12,5,11,11,1,1,11,4,0,1,1,10,0,10,3,7,0,0,0.2222,5.0,17.0,0.6667,5.0,10.0,24.0,0.31176066398620605,16,10,
survey,alpha001,ABAPC (nor),316,bnlearn_abapc_nor_matched10_others_gsq_alpha001,38,14,19,19,14,0,8,19,11,0,0,0,14,0,10,1,9,0,0,0.4,4.0,18.0,0.4,5.0,18.0,19.0,0.27296018600463867,38,12,
survey,alpha001,ABAPC (nor),2494,bnlearn_abapc_nor_matched10_others_gsq_alpha001,21,17,6,15,14,3,3,15,3,0,2,3,12,0,7,2,5,0,0,0.6,3.0,13.0,0.6,3.0,13.0,13.0,0.08975958824157715,21,7,
survey,alpha001,ABAPC (nor),2656,bnlearn_abapc_nor_matched10_others_gsq_alpha001,35,20,14,21,19,1,7,21,7,0,0,1,19,0,9,1,8,0,0,0.7273,2.0,12.0,0.7273,2.0,12.0,12.0,0.12472796440124512,35,8,
survey,alpha001,ABAPC (nor),2688,bnlearn_abapc_nor_matched10_others_gsq_alpha001,47,33,22,25,32,1,12,24,10,1,1,1,31,0,7,0,7,0,0,0.6667,2.0,13.0,0.8333,2.0,7.0,19.0,0.16043639183044434,47,7,
survey,alpha001,ABAPC (nor),3199,bnlearn_abapc_nor_matched10_others_gsq_alpha001,35,29,16,19,28,1,6,19,10,0,1,1,27,0,8,1,7,0,0,0.5455,3.0,16.0,0.7273,4.0,16.0,17.0,0.27241945266723633,35,7,
survey,alpha001,ABAPC (nor),3578,bnlearn_abapc_nor_matched10_others_gsq_alpha001,23,16,8,15,13,3,2,15,6,0,1,3,12,0,9,3,6,0,0,0.2222,5.0,19.0,0.4444,6.0,13.0,19.0,0.23606348037719727,23,9,
survey,alpha001,ABAPC (nor),7816,bnlearn_abapc_nor_matched10_others_gsq_alpha001,32,20,14,18,19,1,8,18,6,0,0,1,19,0,9,1,8,0,0,0.7273,2.0,7.0,0.7273,5.0,7.0,21.0,0.6891443729400635,32,9,
survey,alpha001,ABAPC (nor),7977,bnlearn_abapc_nor_matched10_others_gsq_alpha001,25,16,8,17,16,0,5,17,3,0,0,0,16,0,11,2,9,0,0,0.2,5.0,18.0,0.6,5.0,17.0,18.0,0.24076151847839355,25,10,
survey,alpha001,ABAPC (nor),8266,bnlearn_abapc_nor_matched10_others_gsq_alpha001,32,12,14,18,12,0,5,18,9,0,0,0,12,0,11,2,9,0,0,0.2,5.0,18.0,0.6,5.0,17.0,18.0,0.26511096954345703,32,12,
survey,alpha001,ABAPC (bb),183,bnlearn_abapc_bb_matched10_others_gsq_searchv3_alpha001,10,18,2,8,14,4,1,8,1,0,1,4,13,0,7,3,4,0,0,0.3636,5.0,14.0,0.5455,6.0,7.0,21.0,0.453261137008667,10,5,dynamic
survey,alpha001,ABAPC (bb),316,bnlearn_abapc_bb_matched10_others_gsq_searchv3_alpha001,31,21,14,17,19,2,8,17,6,0,0,2,19,0,9,1,8,0,0,0.5,5.0,17.0,0.5,5.0,11.0,17.0,0.3646726608276367,31,8,dynamic
survey,alpha001,ABAPC (bb),2494,bnlearn_abapc_bb_matched10_others_gsq_searchv3_alpha001,20,18,5,15,15,3,3,15,2,0,2,3,13,0,7,2,5,0,0,0.5,5.0,11.0,0.5,5.0,11.0,11.0,0.29689955711364746,20,6,dynamic
survey,alpha001,ABAPC (bb),2656,bnlearn_abapc_bb_matched10_others_gsq_searchv3_alpha001,28,27,11,17,22,5,7,17,4,0,0,5,22,0,7,1,6,0,0,0.4615,6.0,19.0,0.6154,5.0,8.0,25.0,0.25791144371032715,28,5,dynamic
survey,alpha001,ABAPC (bb),2688,bnlearn_abapc_bb_matched10_others_gsq_searchv3_alpha001,47,33,22,25,32,1,12,24,10,1,1,1,31,0,7,0,7,0,0,0.6667,4.0,11.0,0.6667,5.0,11.0,18.0,0.39650988578796387,47,7,dynamic
survey,alpha001,ABAPC (bb),3199,bnlearn_abapc_bb_matched10_others_gsq_searchv3_alpha001,30,34,12,18,32,2,6,18,6,0,1,2,31,0,8,1,7,0,0,0.4615,5.0,20.0,0.4615,6.0,14.0,21.0,0.2963848114013672,30,7,dynamic
survey,alpha001,ABAPC (bb),3578,bnlearn_abapc_bb_matched10_others_gsq_searchv3_alpha001,16,23,3,13,18,5,0,13,3,0,3,5,15,0,6,3,3,0,0,0.5,4.0,19.0,0.5,5.0,13.0,19.0,0.2941923141479492,16,4,dynamic
survey,alpha001,ABAPC (bb),7816,bnlearn_abapc_bb_matched10_others_gsq_searchv3_alpha001,27,25,10,17,23,2,8,17,2,0,0,2,23,0,8,1,7,0,0,0.3077,8.0,26.0,0.4615,9.0,13.0,29.0,0.3080711364746094,27,7,dynamic
survey,alpha001,ABAPC (bb),7977,bnlearn_abapc_bb_matched10_others_gsq_searchv3_alpha001,21,20,6,15,18,2,5,15,1,0,0,2,18,0,9,2,7,0,0,0.1429,8.0,26.0,0.5714,8.0,9.0,28.0,0.3118553161621094,21,8,dynamic
survey,alpha001,ABAPC (bb),8266,bnlearn_abapc_bb_matched10_others_gsq_searchv3_alpha001,29,15,12,17,14,1,5,17,7,0,0,1,14,0,10,2,8,0,0,0.3077,6.0,20.0,0.4615,7.0,13.0,20.0,0.2944529056549072,29,9,dynamic
survey,alpha001,ABAPC (bb-nor),183,bnlearn_abapc_bb_norapprox_matched10_others_gsq_searchv3_alpha001,16,12,5,11,11,1,1,11,4,0,1,1,10,0,10,3,7,0,3,0.6667,3.0,10.0,0.6667,5.0,10.0,24.0,0.22060775756835938,16,10,frozen_initial
survey,alpha001,ABAPC (bb-nor),316,bnlearn_abapc_bb_norapprox_matched10_others_gsq_searchv3_alpha001,38,14,19,19,14,0,8,19,11,0,0,0,14,0,10,1,9,0,1,0.1818,5.0,24.0,0.5455,6.0,18.0,25.0,0.2292938232421875,38,12,frozen_initial
survey,alpha001,ABAPC (bb-nor),2494,bnlearn_abapc_bb_norapprox_matched10_others_gsq_searchv3_alpha001,21,17,6,15,14,3,3,15,3,0,2,3,12,0,7,2,5,0,2,0.6,3.0,13.0,0.6,3.0,13.0,13.0,0.2444314956665039,21,7,frozen_initial
survey,alpha001,ABAPC (bb-nor),2656,bnlearn_abapc_bb_norapprox_matched10_others_gsq_searchv3_alpha001,35,20,14,21,19,1,7,21,7,0,0,1,19,0,9,1,8,0,1,0.9091,1.0,5.0,0.9091,1.0,5.0,12.0,0.2081615924835205,35,8,frozen_initial
survey,alpha001,ABAPC (bb-nor),2688,bnlearn_abapc_bb_norapprox_matched10_others_gsq_searchv3_alpha001,47,33,22,25,32,1,12,24,10,1,1,1,31,0,7,0,7,0,0,0.8333,1.0,7.0,0.8333,1.0,7.0,13.0,0.2649235725402832,47,7,frozen_initial
survey,alpha001,ABAPC (bb-nor),3199,bnlearn_abapc_bb_norapprox_matched10_others_gsq_searchv3_alpha001,35,29,16,19,28,1,6,19,10,0,1,1,27,0,8,1,7,0,1,0.5455,3.0,16.0,0.7273,4.0,16.0,17.0,0.23307490348815918,35,7,frozen_initial
survey,alpha001,ABAPC (bb-nor),3578,bnlearn_abapc_bb_norapprox_matched10_others_gsq_searchv3_alpha001,23,16,8,15,13,3,2,15,6,0,1,3,12,0,9,3,6,0,3,0.2222,5.0,19.0,0.4444,6.0,13.0,19.0,0.22897958755493164,23,9,frozen_initial
survey,alpha001,ABAPC (bb-nor),7816,bnlearn_abapc_bb_norapprox_matched10_others_gsq_searchv3_alpha001,32,20,14,18,19,1,8,18,6,0,0,1,19,0,9,1,8,0,1,0.5455,3.0,14.0,0.5455,5.0,14.0,15.0,0.26680827140808105,32,9,frozen_initial
survey,alpha001,ABAPC (bb-nor),7977,bnlearn_abapc_bb_norapprox_matched10_others_gsq_searchv3_alpha001,25,16,8,17,16,0,5,17,3,0,0,0,16,0,11,2,9,0,2,0.4,4.0,17.0,0.6,5.0,17.0,18.0,0.20517516136169434,25,10,frozen_initial
survey,alpha001,ABAPC (bb-nor),8266,bnlearn_abapc_bb_norapprox_matched10_others_gsq_searchv3_alpha001,32,12,14,18,12,0,5,18,9,0,0,0,12,0,11,2,9,0,2,0.4,4.0,13.0,0.6,6.0,12.0,19.0,0.22388458251953125,32,12,frozen_initial
asia,alpha005,ABAPC (nor),183,bnlearn_abapc_nor_matched10_others_gsq_graphmetrics,132,8,121,11,8,0,24,11,97,0,0,0,8,0,23,3,20,0,0,0.6154,4.0,21.0,0.4615,5.0,21.0,28.0,0.38347840309143066,132,26,
asia,alpha005,ABAPC (nor),316,bnlearn_abapc_nor_matched10_others_gsq_graphmetrics,155,9,140,15,9,0,24,12,116,3,0,0,9,0,23,3,20,0,0,0.3077,6.0,37.0,0.1538,6.0,22.0,37.0,0.4420051574707031,155,25,
asia,alpha005,ABAPC (nor),2494,bnlearn_abapc_nor_matched10_others_gsq_graphmetrics,165,7,143,22,7,0,22,15,121,7,0,0,7,0,23,3,20,0,0,0.3077,6.0,37.0,0.1538,6.0,22.0,37.0,0.4622011184692383,165,26,
asia,alpha005,ABAPC (nor),2656,bnlearn_abapc_nor_matched10_others_gsq_graphmetrics,158,22,144,14,22,0,27,11,117,3,0,0,22,0,21,2,19,0,0,0.5714,5.0,21.0,0.5714,4.0,14.0,26.0,0.7271292209625244,158,24,
asia,alpha005,ABAPC (nor),2688,bnlearn_abapc_nor_matched10_others_gsq_graphmetrics,126,14,116,10,14,0,24,10,92,0,0,0,14,0,23,3,20,0,0,0.3333,6.0,31.0,0.1667,8.0,31.0,42.0,0.5188002586364746,126,25,
asia,alpha005,ABAPC (nor),3199,bnlearn_abapc_nor_matched10_others_gsq_graphmetrics,174,9,150,24,9,0,25,15,125,9,0,0,9,0,23,3,20,0,0,0.4615,5.0,29.0,0.1538,6.0,22.0,37.0,0.5043909549713135,174,26,
asia,alpha005,ABAPC (nor),3578,bnlearn_abapc_nor_matched10_others_gsq_graphmetrics,138,8,126,12,8,0,23,11,103,1,0,0,8,0,23,3,20,0,0,0.3333,6.0,30.0,0.1667,7.0,23.0,38.0,0.3844175338745117,138,26,
asia,alpha005,ABAPC (nor),7816,bnlearn_abapc_nor_matched10_others_gsq_graphmetrics,145,9,131,14,9,0,24,14,107,0,0,0,9,0,22,2,20,0,0,0.1538,7.0,42.0,0.3077,6.0,22.0,42.0,0.41814589500427246,145,25,
asia,alpha005,ABAPC (nor),7977,bnlearn_abapc_nor_matched10_others_gsq_graphmetrics,136,15,129,7,15,0,27,7,102,0,0,0,15,0,22,2,20,0,0,0.4615,5.0,27.0,0.3077,5.0,15.0,35.0,0.40039777755737305,136,24,
asia,alpha005,ABAPC (nor),8266,bnlearn_abapc_nor_matched10_others_gsq_graphmetrics,168,8,150,18,8,0,31,11,119,7,0,0,8,0,21,2,19,0,0,0.4286,6.0,27.0,0.4286,8.0,22.0,35.0,0.502734899520874,168,26,
asia,alpha005,ABAPC (bb),183,bnlearn_abapc_bb_matched10_others_gsq_searchv3_graphmetrics,33,107,25,8,104,3,23,8,2,0,1,3,103,0,19,1,18,2,2,0.0,23.0,32.0,0.0741,21.0,8.0,50.0,0.6693642139434814,33,9,dynamic
asia,alpha005,ABAPC (bb),316,bnlearn_abapc_bb_matched10_others_gsq_searchv3_graphmetrics,54,110,41,13,108,2,23,10,18,3,1,2,107,0,20,1,19,2,2,0.2963,19.0,25.0,0.1481,22.0,11.0,47.0,1.130542278289795,54,9,dynamic
asia,alpha005,ABAPC (bb),2494,bnlearn_abapc_bb_matched10_others_gsq_searchv3_graphmetrics,50,122,30,20,120,2,21,13,9,7,1,2,119,0,20,1,19,2,2,0.2963,17.0,35.0,0.1481,20.0,21.0,51.0,0.8222377300262451,50,7,dynamic
asia,alpha005,ABAPC (bb),2656,bnlearn_abapc_bb_matched10_others_gsq_searchv3_graphmetrics,49,131,37,12,129,2,25,9,12,3,2,2,127,0,17,0,17,2,2,0.4444,15.0,23.0,0.2222,20.0,4.0,47.0,1.6389622688293457,49,9,dynamic
asia,alpha005,ABAPC (bb),2688,bnlearn_abapc_bb_matched10_others_gsq_searchv3_graphmetrics,31,109,23,8,107,2,22,8,1,0,2,2,105,0,19,1,18,2,2,0.3704,16.0,22.0,0.1481,17.0,3.0,47.0,0.6935210227966309,31,9,dynamic
asia,alpha005,ABAPC (bb),3199,bnlearn_abapc_bb_matched10_others_gsq_searchv3_graphmetrics,62,121,40,22,119,2,24,13,16,9,1,2,118,0,20,1,19,2,2,0.125,24.0,26.0,0.125,24.0,5.0,49.0,1.7092289924621582,62,9,dynamic
asia,alpha005,ABAPC (bb),3578,bnlearn_abapc_bb_matched10_others_gsq_searchv3_graphmetrics,32,114,22,10,112,2,20,9,2,1,3,2,109,0,19,1,18,2,2,0.24,16.0,18.0,0.24,15.0,2.0,27.0,0.6579606533050537,32,8,dynamic
asia,alpha005,ABAPC (bb),7816,bnlearn_abapc_bb_matched10_others_gsq_searchv3_graphmetrics,40,114,28,12,112,2,20,12,8,0,4,2,108,0,16,0,16,2,2,0.4211,10.0,28.0,0.2105,13.0,27.0,50.0,0.955247163772583,40,6,dynamic
asia,alpha005,ABAPC (bb),7977,bnlearn_abapc_bb_matched10_others_gsq_searchv3_graphmetrics,34,117,29,5,115,2,24,5,5,0,3,2,112,0,17,0,17,2,2,0.4545,11.0,10.0,0.2727,11.0,10.0,21.0,0.6255741119384766,34,7,dynamic
asia,alpha005,ABAPC (bb),8266,bnlearn_abapc_bb_matched10_others_gsq_searchv3_graphmetrics,45,131,29,16,129,2,25,9,4,7,6,2,123,0,13,0,13,2,2,0.5263,9.0,11.0,0.3158,9.0,7.0,27.0,0.6991498470306396,45,5,dynamic
asia,alpha005,ABAPC (bb-nor),183,bnlearn_abapc_bb_norapprox_matched10_others_gsq_searchv3_graphmetrics,132,8,121,11,8,0,24,11,97,0,0,0,8,0,23,3,20,0,3,0.5,5.0,23.0,0.1667,6.0,16.0,31.0,0.41147351264953613,132,26,frozen_initial
asia,alpha005,ABAPC (bb-nor),316,bnlearn_abapc_bb_norapprox_matched10_others_gsq_searchv3_graphmetrics,155,9,140,15,9,0,24,12,116,3,0,0,9,0,23,3,20,0,3,0.5,5.0,23.0,0.1667,6.0,16.0,31.0,0.4653337001800537,155,25,frozen_initial
asia,alpha005,ABAPC (bb-nor),2494,bnlearn_abapc_bb_norapprox_matched10_others_gsq_searchv3_graphmetrics,165,7,143,22,7,0,22,15,121,7,0,0,7,0,23,3,20,0,3,0.6154,4.0,21.0,0.4615,4.0,14.0,24.0,0.4332444667816162,165,26,frozen_initial
asia,alpha005,ABAPC (bb-nor),2656,bnlearn_abapc_bb_norapprox_matched10_others_gsq_searchv3_graphmetrics,158,22,144,14,22,0,27,11,117,3,0,0,22,0,21,2,19,0,2,0.6667,4.0,16.0,0.5333,3.0,11.0,23.0,0.4675271511077881,158,24,frozen_initial
asia,alpha005,ABAPC (bb-nor),2688,bnlearn_abapc_bb_norapprox_matched10_others_gsq_searchv3_graphmetrics,126,14,116,10,14,0,24,10,92,0,0,0,14,0,23,3,20,0,3,0.3077,6.0,30.0,0.4615,6.0,27.0,30.0,0.40782666206359863,126,25,frozen_initial
asia,alpha005,ABAPC (bb-nor),3199,bnlearn_abapc_bb_norapprox_matched10_others_gsq_searchv3_graphmetrics,174,9,150,24,9,0,25,15,125,9,0,0,9,0,23,3,20,0,3,0.6154,4.0,21.0,0.4615,4.0,14.0,24.0,0.4682490825653076,174,26,frozen_initial
asia,alpha005,ABAPC (bb-nor),3578,bnlearn_abapc_bb_norapprox_matched10_others_gsq_searchv3_graphmetrics,138,8,126,12,8,0,23,11,103,1,0,0,8,0,23,3,20,0,3,0.4615,5.0,29.0,0.1538,6.0,22.0,37.0,0.45349693298339844,138,26,frozen_initial
asia,alpha005,ABAPC (bb-nor),7816,bnlearn_abapc_bb_norapprox_matched10_others_gsq_searchv3_graphmetrics,145,9,131,14,9,0,24,14,107,0,0,0,9,0,22,2,20,0,2,0.4286,5.0,33.0,0.2857,5.0,26.0,41.0,0.4418761730194092,145,25,frozen_initial
asia,alpha005,ABAPC (bb-nor),7977,bnlearn_abapc_bb_norapprox_matched10_others_gsq_searchv3_graphmetrics,136,15,129,7,15,0,27,7,102,0,0,0,15,0,22,2,20,0,2,0.6154,4.0,22.0,0.1538,6.0,22.0,37.0,0.43367743492126465,136,24,frozen_initial
asia,alpha005,ABAPC (bb-nor),8266,bnlearn_abapc_bb_norapprox_matched10_others_gsq_searchv3_graphmetrics,168,8,150,18,8,0,31,11,119,7,0,0,8,0,21,2,19,0,2,0.4,6.0,36.0,0.2667,7.0,21.0,36.0,0.45747804641723633,168,26,frozen_initial
asia,alpha001,ABAPC (nor),183,bnlearn_abapc_nor_matched10_others_gsq_alpha001,132,8,120,12,8,0,24,12,96,0,0,0,8,0,23,3,20,0,0,0.4615,5.0,28.0,0.4615,5.0,21.0,28.0,0.3827502727508545,132,26,
asia,alpha001,ABAPC (nor),316,bnlearn_abapc_nor_matched10_others_gsq_alpha001,116,8,103,13,8,0,19,13,84,0,0,0,8,0,23,3,20,0,0,0.1818,7.0,30.0,0.1818,6.0,20.0,30.0,0.539376974105835,116,26,
asia,alpha001,ABAPC (nor),2494,bnlearn_abapc_nor_matched10_others_gsq_alpha001,157,7,137,20,7,0,23,17,114,3,0,0,7,0,23,3,20,0,0,0.5,5.0,23.0,0.1667,6.0,16.0,31.0,0.4527158737182617,157,26,
asia,alpha001,ABAPC (nor),2656,bnlearn_abapc_nor_matched10_others_gsq_alpha001,123,8,109,14,8,0,19,13,90,1,0,0,8,0,23,3,20,0,0,0.5455,5.0,20.0,0.1818,6.0,20.0,30.0,0.3558375835418701,123,26,
asia,alpha001,ABAPC (nor),2688,bnlearn_abapc_nor_matched10_others_gsq_alpha001,126,14,116,10,14,0,24,10,92,0,0,0,14,0,23,3,20,0,0,0.1818,7.0,33.0,0.1818,8.0,33.0,36.0,0.3822946548461914,126,25,
asia,alpha001,ABAPC (nor),3199,bnlearn_abapc_nor_matched10_others_gsq_alpha001,152,9,134,18,9,0,26,17,108,1,0,0,9,0,23,3,20,0,0,0.6154,4.0,22.0,0.1538,6.0,22.0,37.0,0.4366903305053711,152,26,
asia,alpha001,ABAPC (nor),3578,bnlearn_abapc_nor_matched10_others_gsq_alpha001,132,8,122,10,8,0,24,10,98,0,0,0,8,0,23,3,20,0,0,0.5,5.0,23.0,0.1667,7.0,23.0,38.0,0.5746819972991943,132,26,
asia,alpha001,ABAPC (nor),7816,bnlearn_abapc_nor_matched10_others_gsq_alpha001,121,7,105,16,7,0,18,16,87,0,0,0,7,0,23,3,20,0,0,0.5,5.0,25.0,0.3333,7.0,25.0,35.0,0.35607266426086426,121,26,
asia,alpha001,ABAPC (nor),7977,bnlearn_abapc_nor_matched10_others_gsq_alpha001,131,15,119,12,15,0,24,12,95,0,0,0,15,0,23,3,20,0,0,0.3333,6.0,26.0,0.1667,6.0,16.0,31.0,0.6746208667755127,131,24,
asia,alpha001,ABAPC (nor),8266,bnlearn_abapc_nor_matched10_others_gsq_alpha001,155,8,141,14,8,0,28,12,113,2,0,0,8,0,22,2,20,0,0,0.5714,4.0,25.0,0.5714,4.0,20.0,32.0,0.4716005325317383,155,26,
asia,alpha001,ABAPC (bb),183,bnlearn_abapc_bb_matched10_others_gsq_searchv3_alpha001,37,103,28,9,100,3,23,9,5,0,1,3,99,0,19,1,18,2,2,0.0741,22.0,25.0,0.0741,21.0,8.0,50.0,0.6346704959869385,37,9,dynamic
asia,alpha001,ABAPC (bb),316,bnlearn_abapc_bb_matched10_others_gsq_searchv3_alpha001,31,93,20,11,91,2,18,11,2,0,1,2,90,0,20,1,19,2,2,0.4167,14.0,19.0,0.4167,16.0,9.0,39.0,0.7857074737548828,31,11,dynamic
asia,alpha001,ABAPC (bb),2494,bnlearn_abapc_bb_matched10_others_gsq_searchv3_alpha001,50,114,32,18,112,2,22,15,10,3,1,2,111,0,20,1,19,2,2,0.3226,20.0,21.0,0.129,22.0,3.0,39.0,0.8887231349945068,50,9,dynamic
asia,alpha001,ABAPC (bb),2656,bnlearn_abapc_bb_matched10_others_gsq_searchv3_alpha001,32,99,20,12,97,2,18,11,2,1,1,2,96,0,20,1,19,2,2,0.3077,18.0,14.0,0.0769,20.0,12.0,42.0,0.9352738857269287,32,10,dynamic
asia,alpha001,ABAPC (bb),2688,bnlearn_abapc_bb_matched10_others_gsq_searchv3_alpha001,33,107,25,8,105,2,22,8,3,0,2,2,103,0,19,1,18,2,2,0.3333,15.0,25.0,0.1667,17.0,10.0,46.0,0.6157574653625488,33,9,dynamic
asia,alpha001,ABAPC (bb),3199,bnlearn_abapc_bb_matched10_others_gsq_searchv3_alpha001,48,113,32,16,111,2,25,15,7,1,1,2,110,0,20,1,19,2,2,0.0,20.0,32.0,0.0,19.0,11.0,50.0,1.621302604675293,48,9,dynamic
asia,alpha001,ABAPC (bb),3578,bnlearn_abapc_bb_matched10_others_gsq_searchv3_alpha001,30,110,22,8,108,2,21,8,1,0,3,2,105,0,19,1,18,2,2,0.1,16.0,21.0,0.0,17.0,16.0,42.0,0.5152802467346191,30,8,dynamic
asia,alpha001,ABAPC (bb),7816,bnlearn_abapc_bb_matched10_others_gsq_searchv3_alpha001,32,96,18,14,94,2,15,14,3,0,3,2,91,0,18,1,17,2,2,0.2609,15.0,34.0,0.2609,14.0,12.0,42.0,0.5780196189880371,32,9,dynamic
asia,alpha001,ABAPC (bb),7977,bnlearn_abapc_bb_matched10_others_gsq_searchv3_alpha001,34,112,25,9,109,3,22,9,3,0,2,3,107,0,18,1,17,2,2,0.2857,13.0,15.0,0.2857,12.0,6.0,20.0,0.5120987892150879,34,8,dynamic
asia,alpha001,ABAPC (bb),8266,bnlearn_abapc_bb_matched10_others_gsq_searchv3_alpha001,45,118,33,12,116,2,23,10,10,2,5,2,111,0,15,0,15,2,2,0.4211,9.0,19.0,0.3158,8.0,12.0,19.0,0.5325613021850586,45,5,dynamic
asia,alpha001,ABAPC (bb-nor),183,bnlearn_abapc_bb_norapprox_matched10_others_gsq_searchv3_alpha001,132,8,120,12,8,0,24,12,96,0,0,0,8,0,23,3,20,0,3,0.5,5.0,23.0,0.1667,7.0,23.0,38.0,0.35803937911987305,132,26,frozen_initial
asia,alpha001,ABAPC (bb-nor),316,bnlearn_abapc_bb_norapprox_matched10_others_gsq_searchv3_alpha001,116,8,103,13,8,0,19,13,84,0,0,0,8,0,23,3,20,0,3,0.6154,4.0,23.0,0.3077,7.0,23.0,41.0,0.4397439956665039,116,26,frozen_initial
asia,alpha001,ABAPC (bb-nor),2494,bnlearn_abapc_bb_norapprox_matched10_others_gsq_searchv3_alpha001,157,7,137,20,7,0,23,17,114,3,0,0,7,0,23,3,20,0,3,0.1667,7.0,38.0,0.1667,7.0,23.0,38.0,0.7094488143920898,157,26,frozen_initial
asia,alpha001,ABAPC (bb-nor),2656,bnlearn_abapc_bb_norapprox_matched10_others_gsq_searchv3_alpha001,123,8,109,14,8,0,19,13,90,1,0,0,8,0,23,3,20,0,3,0.3077,6.0,38.0,0.3077,8.0,30.0,38.0,0.40413761138916016,123,26,frozen_initial
asia,alpha001,ABAPC (bb-nor),2688,bnlearn_abapc_bb_norapprox_matched10_others_gsq_searchv3_alpha001,126,14,116,10,14,0,24,10,92,0,0,0,14,0,23,3,20,0,3,0.1667,7.0,34.0,0.1667,8.0,31.0,42.0,0.34569787979125977,126,25,frozen_initial
asia,alpha001,ABAPC (bb-nor),3199,bnlearn_abapc_bb_norapprox_matched10_others_gsq_searchv3_alpha001,152,9,134,18,9,0,26,17,108,1,0,0,9,0,23,3,20,0,3,0.3077,6.0,36.0,0.1538,7.0,29.0,44.0,0.47061991691589355,152,26,frozen_initial
asia,alpha001,ABAPC (bb-nor),3578,bnlearn_abapc_bb_norapprox_matched10_others_gsq_searchv3_alpha001,132,8,122,10,8,0,24,10,98,0,0,0,8,0,23,3,20,0,3,0.5,5.0,23.0,0.1667,6.0,16.0,31.0,0.4146263599395752,132,26,frozen_initial
asia,alpha001,ABAPC (bb-nor),7816,bnlearn_abapc_bb_norapprox_matched10_others_gsq_searchv3_alpha001,121,7,105,16,7,0,18,16,87,0,0,0,7,0,23,3,20,0,3,0.6154,4.0,21.0,0.4615,4.0,14.0,24.0,0.3688063621520996,121,26,frozen_initial
asia,alpha001,ABAPC (bb-nor),7977,bnlearn_abapc_bb_norapprox_matched10_others_gsq_searchv3_alpha001,131,15,119,12,15,0,24,12,95,0,0,0,15,0,23,3,20,0,3,0.4615,5.0,29.0,0.1538,6.0,22.0,37.0,0.35889530181884766,131,24,frozen_initial
asia,alpha001,ABAPC (bb-nor),8266,bnlearn_abapc_bb_norapprox_matched10_others_gsq_searchv3_alpha001,155,8,141,14,8,0,28,12,113,2,0,0,8,0,22,2,20,0,2,0.4286,5.0,28.0,0.5714,3.0,13.0,28.0,0.42918944358825684,155,26,frozen_initial
sachs,alpha005,ABAPC (nor),183,bnlearn_abapc_nor_matched10_others_gsq_graphmetrics,85,922,70,15,922,0,63,10,7,5,9,0,913,0,30,0,30,0,0,1.0,0.0,0.0,0.1176,0.0,0.0,46.0,5.016726016998291,85,17,
sachs,alpha005,ABAPC (nor),316,bnlearn_abapc_nor_matched10_others_gsq_graphmetrics,118,930,94,24,930,0,77,14,17,10,0,0,930,0,38,0,38,0,0,0.4706,9.0,39.0,0.1176,0.0,0.0,46.0,5.843082666397095,118,24,
sachs,alpha005,ABAPC (nor),2494,bnlearn_abapc_nor_matched10_others_gsq_graphmetrics,106,899,92,14,899,0,76,7,16,7,1,0,898,0,37,0,37,0,0,0.8235,3.0,15.0,0.1176,0.0,0.0,46.0,5.0192482471466064,106,24,
sachs,alpha005,ABAPC (nor),2656,bnlearn_abapc_nor_matched10_others_gsq_graphmetrics,112,921,93,19,921,0,79,4,14,15,0,0,921,0,38,0,38,0,0,0.7647,4.0,28.0,0.1176,0.0,0.0,46.0,5.367271423339844,112,24,
sachs,alpha005,ABAPC (nor),2688,bnlearn_abapc_nor_matched10_others_gsq_graphmetrics,114,905,98,16,905,0,88,9,10,7,7,0,898,0,31,0,31,0,0,0.7647,4.0,20.0,0.1176,0.0,0.0,46.0,5.2499964237213135,114,20,
sachs,alpha005,ABAPC (nor),3199,bnlearn_abapc_nor_matched10_others_gsq_graphmetrics,96,870,81,15,870,0,70,10,11,5,0,0,870,0,38,0,38,0,0,0.8235,3.0,15.0,0.1176,0.0,0.0,46.0,5.078788757324219,96,24,
sachs,alpha005,ABAPC (nor),3578,bnlearn_abapc_nor_matched10_others_gsq_graphmetrics,110,897,91,19,897,0,74,8,17,11,0,0,897,0,38,0,38,0,0,0.7059,5.0,24.0,0.1176,0.0,0.0,46.0,5.202730178833008,110,24,
sachs,alpha005,ABAPC (nor),7816,bnlearn_abapc_nor_matched10_others_gsq_graphmetrics,116,899,90,26,899,0,75,7,15,19,0,0,899,0,38,0,38,0,0,0.8235,3.0,15.0,0.1176,0.0,0.0,46.0,5.630006313323975,116,24,
sachs,alpha005,ABAPC (nor),7977,bnlearn_abapc_nor_matched10_others_gsq_graphmetrics,75,873,61,14,873,0,58,10,3,4,13,0,860,0,28,0,28,0,0,0.8235,3.0,15.0,0.1176,0.0,0.0,46.0,4.413400173187256,75,21,
sachs,alpha005,ABAPC (nor),8266,bnlearn_abapc_nor_matched10_others_gsq_graphmetrics,114,929,89,25,929,0,83,11,6,14,6,0,923,0,31,0,31,0,0,0.6286,7.0,29.0,0.1143,2.0,4.0,61.0,8.133715391159058,114,22,
sachs,alpha005,ABAPC (bb),183,bnlearn_abapc_bb_matched10_others_gsq_searchv3_graphmetrics,83,924,70,13,922,2,63,10,7,3,9,0,913,2,30,0,30,0,0,0.5946,10.0,32.0,0.1081,6.0,6.0,59.0,26.06742286682129,83,17,dynamic
sachs,alpha005,ABAPC (bb),316,bnlearn_abapc_bb_matched10_others_gsq_searchv3_graphmetrics,100,948,78,22,946,2,68,14,10,8,9,0,937,2,32,0,32,0,0,0.4878,14.0,36.0,0.1951,10.0,2.0,54.0,229.36274886131287,100,20,dynamic
sachs,alpha005,ABAPC (bb),2494,bnlearn_abapc_bb_matched10_others_gsq_searchv3_graphmetrics,87,918,75,12,916,2,69,7,6,5,8,0,908,2,32,0,32,0,0,0.4103,14.0,37.0,0.1026,10.0,23.0,59.0,61.67333149909973,87,20,dynamic
sachs,alpha005,ABAPC (bb),2656,bnlearn_abapc_bb_matched10_others_gsq_searchv3_graphmetrics,78,955,68,10,946,9,65,4,3,6,14,0,932,9,24,0,24,0,0,0.6486,8.0,30.0,0.1622,7.0,4.0,56.0,6.881621837615967,78,12,dynamic
sachs,alpha005,ABAPC (bb),2688,bnlearn_abapc_bb_matched10_others_gsq_searchv3_graphmetrics,114,905,98,16,905,0,88,9,10,7,7,0,898,0,31,0,31,0,0,0.4444,18.0,40.0,0.1333,15.0,16.0,61.0,27.684272527694702,114,20,dynamic
sachs,alpha005,ABAPC (bb),3199,bnlearn_abapc_bb_matched10_others_gsq_searchv3_graphmetrics,73,893,59,14,892,1,55,10,4,4,15,0,877,1,24,0,24,0,0,0.4865,11.0,34.0,0.0541,5.0,14.0,62.0,8.537863492965698,73,14,dynamic
sachs,alpha005,ABAPC (bb),3578,bnlearn_abapc_bb_matched10_others_gsq_searchv3_graphmetrics,72,935,62,10,926,9,61,8,1,2,13,0,913,9,27,0,27,0,0,0.5,16.0,27.0,0.2727,14.0,0.0,49.0,21.110631942749023,72,17,dynamic
sachs,alpha005,ABAPC (bb),7816,bnlearn_abapc_bb_matched10_others_gsq_searchv3_graphmetrics,98,917,78,20,911,6,70,6,8,14,5,1,906,5,33,0,33,0,0,0.3889,16.0,44.0,0.2222,14.0,31.0,58.0,488.24791860580444,98,21,dynamic
sachs,alpha005,ABAPC (bb),7977,bnlearn_abapc_bb_matched10_others_gsq_searchv3_graphmetrics,75,873,61,14,873,0,58,10,3,4,13,0,860,0,28,0,28,0,0,0.8235,3.0,24.0,0.1176,0.0,0.0,46.0,12.546772003173828,75,21,dynamic
sachs,alpha005,ABAPC (bb),8266,bnlearn_abapc_bb_matched10_others_gsq_searchv3_graphmetrics,85,958,66,19,952,6,64,11,2,8,25,0,927,6,24,0,24,0,0,0.4571,14.0,42.0,0.0571,12.0,18.0,52.0,11.470072507858276,85,18,dynamic
sachs,alpha005,ABAPC (bb-nor),183,bnlearn_abapc_bb_norapprox_matched10_others_gsq_searchv3_graphmetrics,85,922,70,15,922,0,63,10,7,5,9,0,913,0,30,0,30,0,0,0.5294,8.0,38.0,0.1176,0.0,0.0,46.0,4.216174125671387,85,17,frozen_initial
sachs,alpha005,ABAPC (bb-nor),316,bnlearn_abapc_bb_norapprox_matched10_others_gsq_searchv3_graphmetrics,118,930,94,24,930,0,77,14,17,10,0,0,930,0,38,0,38,0,0,0.5882,7.0,35.0,0.1176,0.0,0.0,46.0,4.178415298461914,118,24,frozen_initial
sachs,alpha005,ABAPC (bb-nor),2494,bnlearn_abapc_bb_norapprox_matched10_others_gsq_searchv3_graphmetrics,106,899,92,14,899,0,76,7,16,7,1,0,898,0,37,0,37,0,0,0.7059,5.0,26.0,0.1176,0.0,0.0,46.0,3.9023172855377197,106,24,frozen_initial
sachs,alpha005,ABAPC (bb-nor),2656,bnlearn_abapc_bb_norapprox_matched10_others_gsq_searchv3_graphmetrics,112,921,93,19,921,0,79,4,14,15,0,0,921,0,38,0,38,0,0,0.5882,7.0,35.0,0.1176,0.0,0.0,46.0,3.9549055099487305,112,24,frozen_initial
sachs,alpha005,ABAPC (bb-nor),2688,bnlearn_abapc_bb_norapprox_matched10_others_gsq_searchv3_graphmetrics,114,905,98,16,905,0,88,9,10,7,7,0,898,0,31,0,31,0,0,0.8235,3.0,12.0,0.1176,0.0,0.0,46.0,4.086293697357178,114,20,frozen_initial
sachs,alpha005,ABAPC (bb-nor),3199,bnlearn_abapc_bb_norapprox_matched10_others_gsq_searchv3_graphmetrics,96,870,81,15,870,0,70,10,11,5,0,0,870,0,38,0,38,0,0,0.7059,5.0,19.0,0.1176,0.0,0.0,46.0,4.161930799484253,96,24,frozen_initial
sachs,alpha005,ABAPC (bb-nor),3578,bnlearn_abapc_bb_norapprox_matched10_others_gsq_searchv3_graphmetrics,110,897,91,19,897,0,74,8,17,11,0,0,897,0,38,0,38,0,0,0.8235,3.0,19.0,0.1176,0.0,0.0,46.0,3.881220817565918,110,24,frozen_initial
sachs,alpha005,ABAPC (bb-nor),7816,bnlearn_abapc_bb_norapprox_matched10_others_gsq_searchv3_graphmetrics,116,899,90,26,899,0,75,7,15,19,0,0,899,0,38,0,38,0,0,0.6471,6.0,29.0,0.1176,0.0,0.0,46.0,4.018677234649658,116,24,frozen_initial
sachs,alpha005,ABAPC (bb-nor),7977,bnlearn_abapc_bb_norapprox_matched10_others_gsq_searchv3_graphmetrics,75,873,61,14,873,0,58,10,3,4,13,0,860,0,28,0,28,0,0,0.7059,5.0,24.0,0.1176,0.0,0.0,46.0,3.8624610900878906,75,21,frozen_initial
sachs,alpha005,ABAPC (bb-nor),8266,bnlearn_abapc_bb_norapprox_matched10_others_gsq_searchv3_graphmetrics,114,929,89,25,929,0,83,11,6,14,6,0,923,0,31,0,31,0,0,0.8571,3.0,16.0,0.1143,1.0,0.0,46.0,3.9735400676727295,114,22,frozen_initial
sachs,alpha001,ABAPC (nor),183,bnlearn_abapc_nor_matched10_others_gsq_alpha001,61,887,52,9,887,0,48,8,4,1,26,0,861,0,17,0,17,0,0,0.5882,7.0,40.0,0.1176,0.0,0.0,46.0,3.9653825759887695,61,9,
sachs,alpha001,ABAPC (nor),316,bnlearn_abapc_nor_matched10_others_gsq_alpha001,84,882,70,14,882,0,64,12,6,2,9,0,873,0,32,0,32,0,0,0.8235,3.0,21.0,0.1176,0.0,0.0,46.0,4.640463352203369,84,21,
sachs,alpha001,ABAPC (nor),2494,bnlearn_abapc_nor_matched10_others_gsq_alpha001,53,913,42,11,913,0,40,10,2,1,34,0,879,0,15,0,15,0,0,0.5882,7.0,32.0,0.1176,0.0,0.0,46.0,3.6446781158447266,53,10,
sachs,alpha001,ABAPC (nor),2656,bnlearn_abapc_nor_matched10_others_gsq_alpha001,96,919,74,22,919,0,69,13,5,9,7,0,912,0,31,0,31,0,0,0.6471,6.0,29.0,0.1176,0.0,0.0,46.0,4.797876834869385,96,19,
sachs,alpha001,ABAPC (nor),2688,bnlearn_abapc_nor_matched10_others_gsq_alpha001,92,874,81,11,874,0,68,11,13,0,7,0,867,0,31,0,31,0,0,0.5882,7.0,34.0,0.1176,0.0,0.0,46.0,4.805052280426025,92,20,
sachs,alpha001,ABAPC (nor),3199,bnlearn_abapc_nor_matched10_others_gsq_alpha001,85,844,73,12,844,0,67,11,6,1,7,0,837,0,32,0,32,0,0,0.7059,5.0,26.0,0.1176,0.0,0.0,46.0,4.33248233795166,85,19,
sachs,alpha001,ABAPC (nor),3578,bnlearn_abapc_nor_matched10_others_gsq_alpha001,108,882,94,14,882,0,79,8,15,6,0,0,882,0,38,0,38,0,0,0.7059,5.0,26.0,0.1176,0.0,0.0,46.0,4.880059480667114,108,24,
sachs,alpha001,ABAPC (nor),7816,bnlearn_abapc_nor_matched10_others_gsq_alpha001,109,881,87,22,881,0,76,13,11,9,0,0,881,0,38,0,38,0,0,0.7059,5.0,26.0,0.1176,0.0,0.0,46.0,5.428233623504639,109,24,
sachs,alpha001,ABAPC (nor),7977,bnlearn_abapc_nor_matched10_others_gsq_alpha001,85,863,68,17,863,0,62,17,6,0,13,0,850,0,28,0,28,0,0,0.7059,5.0,28.0,0.1176,0.0,0.0,46.0,4.610918045043945,85,21,
sachs,alpha001,ABAPC (nor),8266,bnlearn_abapc_nor_matched10_others_gsq_alpha001,79,928,60,19,928,0,56,14,4,5,24,0,904,0,25,0,25,0,0,0.8235,3.0,21.0,0.1176,0.0,0.0,46.0,4.412138223648071,79,19,
sachs,alpha001,ABAPC (bb),183,bnlearn_abapc_bb_matched10_others_gsq_searchv3_alpha001,61,887,52,9,887,0,48,8,4,1,26,0,861,0,17,0,17,0,0,0.6667,7.0,30.0,0.1111,3.0,4.0,61.0,5.111543893814087,61,9,dynamic
sachs,alpha001,ABAPC (bb),316,bnlearn_abapc_bb_matched10_others_gsq_searchv3_alpha001,83,883,70,13,882,1,64,12,6,1,9,0,873,1,32,0,32,0,0,0.3182,20.0,38.0,0.0,17.0,30.0,61.0,460.62539172172546,83,21,dynamic
sachs,alpha001,ABAPC (bb),2494,bnlearn_abapc_bb_matched10_others_gsq_searchv3_alpha001,53,913,42,11,913,0,40,10,2,1,34,0,879,0,15,0,15,0,0,0.6471,6.0,31.0,0.1176,0.0,0.0,46.0,4.944373369216919,53,10,dynamic
sachs,alpha001,ABAPC (bb),2656,bnlearn_abapc_bb_matched10_others_gsq_searchv3_alpha001,69,946,54,15,939,7,51,13,3,2,25,0,914,7,17,0,17,0,0,0.6667,7.0,26.0,0.1667,6.0,4.0,56.0,4.853898763656616,69,9,dynamic
sachs,alpha001,ABAPC (bb),2688,bnlearn_abapc_bb_matched10_others_gsq_searchv3_alpha001,92,874,81,11,874,0,68,11,13,0,7,0,867,0,31,0,31,0,0,0.5366,14.0,31.0,0.2439,12.0,3.0,50.0,25.004968404769897,92,20,dynamic
sachs,alpha001,ABAPC (bb),3199,bnlearn_abapc_bb_matched10_others_gsq_searchv3_alpha001,74,855,63,11,854,1,59,11,4,0,15,0,839,1,24,0,24,0,0,0.4,15.0,39.0,0.15,10.0,16.0,55.0,7.2455222606658936,74,14,dynamic
sachs,alpha001,ABAPC (bb),3578,bnlearn_abapc_bb_matched10_others_gsq_searchv3_alpha001,78,912,67,11,909,3,66,8,1,3,13,0,896,3,27,0,27,0,0,0.4865,11.0,35.0,0.2162,5.0,0.0,56.0,15.618115186691284,78,17,dynamic
sachs,alpha001,ABAPC (bb),7816,bnlearn_abapc_bb_matched10_others_gsq_searchv3_alpha001,94,896,74,20,894,2,69,12,5,8,7,1,887,1,33,0,33,0,0,0.25,23.0,50.0,0.1,21.0,44.0,60.0,112.16843843460083,94,23,dynamic
sachs,alpha001,ABAPC (bb),7977,bnlearn_abapc_bb_matched10_others_gsq_searchv3_alpha001,85,863,68,17,863,0,62,17,6,0,13,0,850,0,28,0,28,0,0,0.5294,10.0,43.0,0.2941,11.0,24.0,46.0,11.468415975570679,85,21,dynamic
sachs,alpha001,ABAPC (bb),8266,bnlearn_abapc_bb_matched10_others_gsq_searchv3_alpha001,79,928,60,19,928,0,56,14,4,5,24,0,904,0,25,0,25,0,0,0.8235,3.0,22.0,0.1176,0.0,0.0,46.0,8.711268186569214,79,19,dynamic
sachs,alpha001,ABAPC (bb-nor),183,bnlearn_abapc_bb_norapprox_matched10_others_gsq_searchv3_alpha001,61,887,52,9,887,0,48,8,4,1,26,0,861,0,17,0,17,0,0,0.4118,10.0,45.0,0.1176,0.0,0.0,46.0,4.126332521438599,61,9,frozen_initial
sachs,alpha001,ABAPC (bb-nor),316,bnlearn_abapc_bb_norapprox_matched10_others_gsq_searchv3_alpha001,84,882,70,14,882,0,64,12,6,2,9,0,873,0,32,0,32,0,0,0.5294,8.0,38.0,0.1176,0.0,0.0,46.0,4.003825664520264,84,21,frozen_initial
sachs,alpha001,ABAPC (bb-nor),2494,bnlearn_abapc_bb_norapprox_matched10_others_gsq_searchv3_alpha001,53,913,42,11,913,0,40,10,2,1,34,0,879,0,15,0,15,0,0,0.6471,6.0,29.0,0.1176,0.0,0.0,46.0,3.8486087322235107,53,10,frozen_initial
sachs,alpha001,ABAPC (bb-nor),2656,bnlearn_abapc_bb_norapprox_matched10_others_gsq_searchv3_alpha001,96,919,74,22,919,0,69,13,5,9,7,0,912,0,31,0,31,0,0,0.6471,6.0,29.0,0.1176,0.0,0.0,46.0,3.9246227741241455,96,19,frozen_initial
sachs,alpha001,ABAPC (bb-nor),2688,bnlearn_abapc_bb_norapprox_matched10_others_gsq_searchv3_alpha001,92,874,81,11,874,0,68,11,13,0,7,0,867,0,31,0,31,0,0,0.7059,5.0,21.0,0.1176,0.0,0.0,46.0,4.038113355636597,92,20,frozen_initial
sachs,alpha001,ABAPC (bb-nor),3199,bnlearn_abapc_bb_norapprox_matched10_others_gsq_searchv3_alpha001,85,844,73,12,844,0,67,11,6,1,7,0,837,0,32,0,32,0,0,0.5882,7.0,35.0,0.1176,0.0,0.0,46.0,4.15900182723999,85,19,frozen_initial
sachs,alpha001,ABAPC (bb-nor),3578,bnlearn_abapc_bb_norapprox_matched10_others_gsq_searchv3_alpha001,108,882,94,14,882,0,79,8,15,6,0,0,882,0,38,0,38,0,0,0.5294,8.0,41.0,0.1176,0.0,0.0,46.0,3.965909242630005,108,24,frozen_initial
sachs,alpha001,ABAPC (bb-nor),7816,bnlearn_abapc_bb_norapprox_matched10_others_gsq_searchv3_alpha001,109,881,87,22,881,0,76,13,11,9,0,0,881,0,38,0,38,0,0,0.8235,3.0,15.0,0.1176,0.0,0.0,46.0,4.129410266876221,109,24,frozen_initial
sachs,alpha001,ABAPC (bb-nor),7977,bnlearn_abapc_bb_norapprox_matched10_others_gsq_searchv3_alpha001,85,863,68,17,863,0,62,17,6,0,13,0,850,0,28,0,28,0,0,0.7059,5.0,29.0,0.1176,0.0,0.0,46.0,4.0603485107421875,85,21,frozen_initial
sachs,alpha001,ABAPC (bb-nor),8266,bnlearn_abapc_bb_norapprox_matched10_others_gsq_searchv3_alpha001,79,928,60,19,928,0,56,14,4,5,24,0,904,0,25,0,25,0,0,0.7647,4.0,25.0,0.1176,0.0,0.0,46.0,3.9338817596435547,79,19,frozen_initial
child,alpha005,ABAPC (nor),183,child_abapc_nor_matched10_gsq_graphmetrics,2407,4167,1804,603,4167,0,778,433,1026,170,0,0,4167,0,165,0,165,0,0,0.88,3.0,42.0,0.8,3.0,41.0,268.0,681.4938571453094,2407,65,
child,alpha005,ABAPC (nor),316,child_abapc_nor_matched10_gsq_graphmetrics,2188,4129,1643,545,4129,0,800,422,843,123,0,0,4129,0,165,0,165,0,0,0.92,2.0,41.0,0.8,3.0,41.0,268.0,581.2523605823517,2188,71,
child,alpha005,ABAPC (nor),2494,child_abapc_nor_matched10_gsq_graphmetrics,2336,4126,1664,672,4126,0,743,477,921,195,0,0,4126,0,165,0,165,0,0,0.84,4.0,62.0,0.84,0.0,0.0,288.0,609.950395822525,2336,70,
child,alpha005,ABAPC (nor),2656,child_abapc_nor_matched10_gsq_graphmetrics,2413,4193,1743,670,4193,0,736,469,1007,201,0,0,4193,0,165,0,165,0,0,0.92,2.0,43.0,0.84,0.0,0.0,288.0,589.3986830711365,2413,73,
child,alpha005,ABAPC (nor),2688,child_abapc_nor_matched10_gsq_graphmetrics,2228,4165,1699,529,4165,0,768,385,931,144,0,0,4165,0,165,0,165,0,0,0.88,3.0,42.0,0.8,3.0,41.0,268.0,570.3266541957855,2228,73,
child,alpha005,ABAPC (nor),3199,child_abapc_nor_matched10_gsq_graphmetrics,2118,4439,1516,602,4439,0,816,484,700,118,2,0,4437,0,163,0,163,0,0,0.92,2.0,44.0,0.84,0.0,0.0,288.0,575.1913466453552,2118,63,
child,alpha005,ABAPC (nor),3578,child_abapc_nor_matched10_gsq_graphmetrics,2160,3964,1592,568,3964,0,802,449,790,119,0,0,3964,0,165,0,165,0,0,0.88,3.0,46.0,0.84,0.0,0.0,288.0,501.5512614250183,2160,68,
child,alpha005,ABAPC (nor),7816,child_abapc_nor_matched10_gsq_graphmetrics,1940,4419,1343,597,4419,0,738,404,605,193,0,0,4419,0,165,0,165,0,0,0.92,2.0,42.0,0.84,0.0,0.0,288.0,424.60011744499207,1940,60,
child,alpha005,ABAPC (nor),7977,child_abapc_nor_matched10_gsq_graphmetrics,2130,4208,1565,565,4206,2,803,406,762,159,0,0,4206,2,164,0,164,0,0,0.902,3.0,41.0,0.7843,4.0,41.0,287.0,606.3017210960388,2130,66,
child,alpha005,ABAPC (nor),8266,child_abapc_nor_matched10_gsq_graphmetrics,2474,4267,1899,575,4266,1,789,415,1110,160,0,0,4266,1,165,0,165,0,0,0.84,4.0,64.0,0.76,6.0,63.0,189.0,676.9034118652344,2474,72,
child,alpha005,ABAPC (bb),183,child_abapc_bb_matched10_gsq_searchv3_graphmetrics,1789,4785,1225,564,4746,39,763,433,462,131,15,0,4731,39,160,0,160,0,0,0.2112,119.0,94.0,0.2609,119.0,24.0,222.0,27057.321034908295,1789,44,dynamic
child,alpha005,ABAPC (bb),316,child_abapc_bb_matched10_gsq_searchv3_graphmetrics,1911,4406,1384,527,4388,18,800,421,584,106,0,1,4388,17,164,0,164,0,0,0.0856,158.0,205.0,0.0963,160.0,154.0,278.0,28352.30514907837,1911,56,dynamic
child,alpha005,ABAPC (bb),2494,child_abapc_bb_matched10_gsq_searchv3_graphmetrics,1935,4527,1285,650,4505,22,738,477,547,173,5,0,4500,22,163,0,163,0,0,0.1848,142.0,95.0,0.163,147.0,32.0,250.0,28823.088493347168,1935,52,dynamic
child,alpha005,ABAPC (bb),2656,child_abapc_bb_matched10_gsq_searchv3_graphmetrics,1904,4702,1268,636,4668,34,723,468,545,168,13,1,4655,33,160,0,160,0,0,0.2449,104.0,73.0,0.1905,113.0,41.0,311.0,27767.0095846653,1904,46,dynamic
child,alpha005,ABAPC (bb),2688,child_abapc_bb_matched10_gsq_searchv3_graphmetrics,1737,4656,1225,512,4639,17,739,384,486,128,29,1,4610,16,161,0,161,0,0,0.2303,121.0,63.0,0.2182,129.0,46.0,196.0,22586.184118270874,1737,54,dynamic
child,alpha005,ABAPC (bb),3199,child_abapc_bb_matched10_gsq_searchv3_graphmetrics,1893,4664,1296,597,4659,5,808,484,488,113,10,0,4649,5,160,0,160,0,0,0.1928,125.0,131.0,0.1807,125.0,102.0,216.0,33374.313096523285,1893,54,dynamic
child,alpha005,ABAPC (bb),3578,child_abapc_bb_matched10_gsq_searchv3_graphmetrics,1945,4179,1385,560,4171,8,798,449,587,111,4,0,4167,8,162,0,162,0,0,0.1728,123.0,158.0,0.1728,126.0,52.0,243.0,27035.660469532013,1945,56,dynamic
child,alpha005,ABAPC (bb),7816,child_abapc_bb_matched10_gsq_searchv3_graphmetrics,1789,4570,1207,582,4555,15,736,403,471,179,2,1,4553,14,162,0,162,0,0,0.0978,158.0,177.0,0.1304,159.0,65.0,221.0,18376.235968589783,1789,53,dynamic
child,alpha005,ABAPC (bb),7977,child_abapc_bb_matched10_gsq_searchv3_graphmetrics,1827,4511,1272,555,4499,12,787,405,485,150,16,1,4483,11,158,0,158,0,0,0.2105,112.0,125.0,0.1842,120.0,73.0,270.0,31756.15709400177,1827,54,dynamic
child,alpha005,ABAPC (bb),8266,child_abapc_bb_matched10_gsq_searchv3_graphmetrics,1976,4765,1413,563,4752,13,779,415,634,148,10,0,4742,13,162,0,162,0,0,0.1905,109.0,131.0,0.2041,110.0,0.0,0.0,329.08781933784485,1976,49,dynamic
child,alpha005,ABAPC (bb-nor),183,child_abapc_bb_norapprox_matched10_gsq_searchv3_graphmetrics,2407,4167,1804,603,4167,0,778,433,1026,170,0,0,4167,0,165,0,165,0,0,0.88,3.0,44.0,0.84,0.0,0.0,288.0,104.58200931549072,2407,65,frozen_initial
child,alpha005,ABAPC (bb-nor),316,child_abapc_bb_norapprox_matched10_gsq_searchv3_graphmetrics,2188,4129,1643,545,4129,0,800,422,843,123,0,0,4129,0,165,0,165,0,0,0.84,4.0,69.0,0.8,2.0,47.0,288.0,99.42571544647217,2188,71,frozen_initial
child,alpha005,ABAPC (bb-nor),2494,child_abapc_bb_norapprox_matched10_gsq_searchv3_graphmetrics,2336,4126,1664,672,4126,0,743,477,921,195,0,0,4126,0,165,0,165,0,0,0.96,1.0,27.0,0.8,2.0,27.0,171.0,96.48899221420288,2336,70,frozen_initial
child,alpha005,ABAPC (bb-nor),2656,child_abapc_bb_norapprox_matched10_gsq_searchv3_graphmetrics,2413,4193,1743,670,4193,0,736,469,1007,201,0,0,4193,0,165,0,165,0,0,0.88,3.0,66.0,0.8,3.0,22.0,291.0,103.08880996704102,2413,73,frozen_initial
child,alpha005,ABAPC (bb-nor),2688,child_abapc_bb_norapprox_matched10_gsq_searchv3_graphmetrics,2228,4165,1699,529,4165,0,768,385,931,144,0,0,4165,0,165,0,165,0,0,0.88,3.0,49.0,0.8,3.0,47.0,268.0,106.58695840835571,2228,73,frozen_initial
child,alpha005,ABAPC (bb-nor),3199,child_abapc_bb_norapprox_matched10_gsq_searchv3_graphmetrics,2118,4439,1516,602,4439,0,816,484,700,118,2,0,4437,0,163,0,163,0,0,0.92,2.0,44.0,0.84,0.0,0.0,288.0,102.77954912185669,2118,63,frozen_initial
child,alpha005,ABAPC (bb-nor),3578,child_abapc_bb_norapprox_matched10_gsq_searchv3_graphmetrics,2160,3964,1592,568,3964,0,802,449,790,119,0,0,3964,0,165,0,165,0,0,0.88,3.0,61.0,0.84,0.0,0.0,288.0,95.07606816291809,2160,68,frozen_initial
child,alpha005,ABAPC (bb-nor),7816,child_abapc_bb_norapprox_matched10_gsq_searchv3_graphmetrics,1940,4419,1343,597,4419,0,738,404,605,193,0,0,4419,0,165,0,165,0,0,0.92,2.0,44.0,0.84,0.0,0.0,288.0,98.03112554550171,1940,60,frozen_initial
child,alpha005,ABAPC (bb-nor),7977,child_abapc_bb_norapprox_matched10_gsq_searchv3_graphmetrics,2130,4208,1565,565,4206,2,803,406,762,159,0,0,4206,2,164,0,164,0,0,0.902,3.0,24.0,0.8235,3.0,22.0,287.0,104.33241748809814,2130,66,frozen_initial
child,alpha005,ABAPC (bb-nor),8266,child_abapc_bb_norapprox_matched10_gsq_searchv3_graphmetrics,2474,4267,1899,575,4266,1,789,415,1110,160,0,0,4266,1,165,0,165,0,0,0.84,4.0,70.0,0.8,3.0,22.0,291.0,176.6228528022766,2474,72,frozen_initial
child,alpha001,ABAPC (nor),183,child_abapc_nor_matched10_gsq_alpha001,4577,1035,4116,461,1035,0,746,388,3370,73,0,0,1035,0,166,1,165,0,0,0.6122,10.0,165.0,0.5714,10.0,124.0,327.0,1023.4317092895508,4577,138,
child,alpha001,ABAPC (nor),316,child_abapc_nor_matched10_gsq_alpha001,1895,4012,1380,515,4012,0,844,459,536,56,0,0,4012,0,165,0,165,0,0,0.96,1.0,20.0,0.8,2.0,20.0,268.0,447.63840222358704,1895,73,
child,alpha001,ABAPC (nor),2494,child_abapc_nor_matched10_gsq_alpha001,2042,4014,1479,563,4014,0,809,463,670,100,1,0,4013,0,164,0,164,0,0,0.92,2.0,43.0,0.84,0.0,0.0,288.0,490.47178959846497,2042,70,
child,alpha001,ABAPC (nor),2656,child_abapc_nor_matched10_gsq_alpha001,4788,245,4347,441,245,0,577,402,3770,39,0,0,245,0,166,1,165,0,0,0.7556,8.0,118.0,0.5333,11.0,115.0,342.0,2767.758818626404,4788,182,
child,alpha001,ABAPC (nor),2688,child_abapc_nor_matched10_gsq_alpha001,1972,3931,1469,503,3931,0,837,441,632,62,0,0,3931,0,165,0,165,0,0,0.92,2.0,41.0,0.8,3.0,41.0,268.0,463.2856194972992,1972,74,
child,alpha001,ABAPC (nor),3199,child_abapc_nor_matched10_gsq_alpha001,4806,244,4323,483,244,0,599,466,3724,17,0,0,244,0,166,1,165,0,0,0.6957,9.0,105.0,0.6522,9.0,98.0,223.0,2205.843759059906,4806,181,
child,alpha001,ABAPC (nor),3578,child_abapc_nor_matched10_gsq_alpha001,1967,3790,1382,585,3790,0,853,536,529,49,1,0,3789,0,164,0,164,0,0,0.92,2.0,42.0,0.84,0.0,0.0,288.0,433.9963047504425,1967,70,
child,alpha001,ABAPC (nor),7816,child_abapc_nor_matched10_gsq_alpha001,1811,4128,1273,538,4128,0,815,456,458,82,0,0,4128,0,165,0,165,0,0,0.88,3.0,44.0,0.8,2.0,20.0,268.0,369.19703459739685,1811,67,
child,alpha001,ABAPC (nor),7977,child_abapc_nor_matched10_gsq_alpha001,1949,3970,1451,498,3969,1,845,441,606,57,0,0,3969,1,165,0,165,0,0,0.88,3.0,67.0,0.8,2.0,47.0,288.0,463.5544431209564,1949,71,
child,alpha001,ABAPC (nor),8266,child_abapc_nor_matched10_gsq_alpha001,2221,4148,1639,582,4147,1,847,506,792,76,0,0,4147,1,165,0,165,0,0,0.76,6.0,91.0,0.8,3.0,22.0,291.0,532.4524612426758,2221,73,
child,alpha001,ABAPC (bb),183,child_abapc_bb_matched10_gsq_searchv3_alpha001,1472,4140,1037,435,4114,26,730,388,307,47,16,0,4098,26,160,1,159,0,0,0.2519,94.0,143.0,0.237,96.0,53.0,317.0,27018.383222341537,1472,53,dynamic
child,alpha001,ABAPC (bb),316,child_abapc_bb_matched10_gsq_searchv3_alpha001,1748,4159,1243,505,4149,10,844,458,399,47,0,1,4149,9,164,0,164,0,0,0.0948,176.0,184.0,0.1327,173.0,0.0,0.0,31927.772570848465,1748,65,dynamic
child,alpha001,ABAPC (bb),2494,child_abapc_bb_matched10_gsq_searchv3_alpha001,1805,4251,1250,555,4243,8,805,463,445,92,5,0,4238,8,163,0,163,0,0,0.1319,147.0,174.0,0.1429,150.0,39.0,245.0,35444.073576927185,1805,56,dynamic
child,alpha001,ABAPC (bb),2656,child_abapc_bb_matched10_gsq_searchv3_alpha001,1347,3686,914,433,3678,8,567,401,347,32,10,1,3668,7,162,1,161,0,0,0.2,128.0,116.0,0.1647,132.0,66.0,290.0,28807.039703845978,1347,59,dynamic
child,alpha001,ABAPC (bb),2688,child_abapc_bb_matched10_gsq_searchv3_alpha001,1667,4236,1171,496,4229,7,810,440,361,56,27,1,4202,6,162,0,162,0,0,0.1208,117.0,162.0,0.1611,117.0,87.0,260.0,20321.116063594818,1667,62,dynamic
child,alpha001,ABAPC (bb),3199,child_abapc_bb_matched10_gsq_searchv3_alpha001,1346,3704,865,481,3702,2,588,466,277,15,11,0,3691,2,160,1,159,0,0,0.2745,108.0,36.0,0.2353,119.0,36.0,208.0,45169.92453503609,1346,60,dynamic
child,alpha001,ABAPC (bb),3578,child_abapc_bb_matched10_gsq_searchv3_alpha001,1834,3923,1253,581,3919,4,850,535,403,46,4,1,3915,3,161,0,161,0,0,0.1374,101.0,211.0,0.1221,106.0,128.0,285.0,25638.577906847,1834,61,dynamic
child,alpha001,ABAPC (bb),7816,child_abapc_bb_matched10_gsq_searchv3_alpha001,1689,4250,1154,535,4247,3,813,455,341,80,2,1,4245,2,162,0,162,0,0,0.0933,125.0,172.0,0.1067,127.0,81.0,280.0,34335.553804159164,1689,62,dynamic
child,alpha001,ABAPC (bb),7977,child_abapc_bb_matched10_gsq_searchv3_alpha001,1647,4272,1154,493,4266,6,823,441,331,52,22,0,4244,6,158,0,158,0,0,0.2167,83.0,157.0,0.2333,88.0,106.0,321.0,31897.808631181717,1647,60,dynamic
child,alpha001,ABAPC (bb),8266,child_abapc_bb_matched10_gsq_searchv3_alpha001,1877,4492,1299,578,4487,5,837,506,462,72,10,0,4477,5,162,0,162,0,0,0.1505,148.0,125.0,0.1613,153.0,8.0,237.0,39342.92705273628,1877,56,dynamic
child,alpha001,ABAPC (bb-nor),183,child_abapc_bb_norapprox_matched10_gsq_searchv3_alpha001,4577,1035,4116,461,1035,0,746,388,3370,73,0,0,1035,0,166,1,165,0,1,0.6939,8.0,144.0,0.5714,11.0,124.0,307.0,72.16126942634583,4577,138,frozen_initial
child,alpha001,ABAPC (bb-nor),316,child_abapc_bb_norapprox_matched10_gsq_searchv3_alpha001,1895,4012,1380,515,4012,0,844,459,536,56,0,0,4012,0,165,0,165,0,0,0.92,2.0,42.0,0.84,0.0,0.0,288.0,103.65055632591248,1895,73,frozen_initial
child,alpha001,ABAPC (bb-nor),2494,child_abapc_bb_norapprox_matched10_gsq_searchv3_alpha001,2042,4014,1479,563,4014,0,809,463,670,100,1,0,4013,0,164,0,164,0,0,0.88,3.0,46.0,0.84,0.0,0.0,288.0,100.46337842941284,2042,70,frozen_initial
child,alpha001,ABAPC (bb-nor),2656,child_abapc_bb_norapprox_matched10_gsq_searchv3_alpha001,4788,245,4347,441,245,0,577,402,3770,39,0,0,245,0,166,1,165,0,1,0.4762,15.0,216.0,0.4286,15.0,196.0,296.0,75.20731401443481,4788,182,frozen_initial
child,alpha001,ABAPC (bb-nor),2688,child_abapc_bb_norapprox_matched10_gsq_searchv3_alpha001,1972,3931,1469,503,3931,0,837,441,632,62,0,0,3931,0,165,0,165,0,0,0.88,3.0,48.0,0.84,0.0,0.0,288.0,99.3210334777832,1972,74,frozen_initial
child,alpha001,ABAPC (bb-nor),3199,child_abapc_bb_norapprox_matched10_gsq_searchv3_alpha001,4806,244,4323,483,244,0,599,466,3724,17,0,0,244,0,166,1,165,0,1,0.5778,12.0,170.0,0.6222,16.0,124.0,251.0,75.5784866809845,4806,181,frozen_initial
child,alpha001,ABAPC (bb-nor),3578,child_abapc_bb_norapprox_matched10_gsq_searchv3_alpha001,1967,3790,1382,585,3790,0,853,536,529,49,1,0,3789,0,164,0,164,0,0,0.92,2.0,44.0,0.84,0.0,0.0,288.0,89.33529996871948,1967,70,frozen_initial
child,alpha001,ABAPC (bb-nor),7816,child_abapc_bb_norapprox_matched10_gsq_searchv3_alpha001,1811,4128,1273,538,4128,0,815,456,458,82,0,0,4128,0,165,0,165,0,0,0.88,3.0,48.0,0.84,0.0,0.0,288.0,92.50099682807922,1811,67,frozen_initial
child,alpha001,ABAPC (bb-nor),7977,child_abapc_bb_norapprox_matched10_gsq_searchv3_alpha001,1949,3970,1451,498,3969,1,845,441,606,57,0,0,3969,1,165,0,165,0,0,0.88,3.0,67.0,0.8,2.0,47.0,288.0,97.357577085495,1949,71,frozen_initial
child,alpha001,ABAPC (bb-nor),8266,child_abapc_bb_norapprox_matched10_gsq_searchv3_alpha001,2221,4148,1639,582,4147,1,847,506,792,76,0,0,4147,1,165,0,165,0,0,0.92,2.0,42.0,0.8,3.0,22.0,291.0,97.76392555236816,2221,73,frozen_initial
