dataset,model,elapsed,nnz,fdr,tpr,fpr,precision,recall,F1,shd,run_idx,rep,seed,status,error,raw_graph_path,true_graph_path,fact_total,fact_true,fact_false,fact_retained,fact_retained_true,fact_retained_false,fact_removed,fact_removed_true,fact_removed_false,fact_precision,fact_recall,fact_f1,aspcr_model_space,aspcr_encoding,aspcr_solver_objective,aspcr_recomputed_objective,aspcr_graph_is_dag,aspcr_n_directed,aspcr_n_bidirected,aspcr_n_tailtail,aspcr_testing_time,aspcr_encoding_time,aspcr_solving_time,aspcr_data_path,aspcr_directed_path,aspcr_bidirected_path,aspcr_tailtail_path,aspcr_constraints_path,aspcr_diagnostics_path,aspcr_time_path
er8,FGS,0.0344054866582155,7,0.0,0.875,0.0,0.7143,0.625,0.6667,1.0,0,1,2026,ok,,results/paper_aaai2027/frozen/results/estimated_graphs/paper_fgs_bdeu_alpha001_n5000_50rep/er8/FGS/run_0000_seed_2026.npz,,,,,,,,,,,,,,,,,,,,,,,,,,,,,,,
er8,FGS,0.035757590085268,8,0.0,1.0,0.0,0.875,0.875,0.875,1.0,1,2,2027,ok,,results/paper_aaai2027/frozen/results/estimated_graphs/paper_fgs_bdeu_alpha001_n5000_50rep/er8/FGS/run_0001_seed_2027.npz,,,,,,,,,,,,,,,,,,,,,,,,,,,,,,,
er8,FGS,0.0333830406889319,7,0.0,0.875,0.0,0.5714,0.5,0.5333,3.0,2,3,2028,ok,,results/paper_aaai2027/frozen/results/estimated_graphs/paper_fgs_bdeu_alpha001_n5000_50rep/er8/FGS/run_0002_seed_2028.npz,,,,,,,,,,,,,,,,,,,,,,,,,,,,,,,
er8,FGS,0.0345754418522119,8,0.5,0.5,0.2,0.25,0.25,0.25,10.0,3,4,2029,ok,,results/paper_aaai2027/frozen/results/estimated_graphs/paper_fgs_bdeu_alpha001_n5000_50rep/er8/FGS/run_0003_seed_2029.npz,,,,,,,,,,,,,,,,,,,,,,,,,,,,,,,
er8,FGS,0.0341100515797734,7,0.0,0.875,0.0,0.7143,0.625,0.6667,1.0,4,5,2030,ok,,results/paper_aaai2027/frozen/results/estimated_graphs/paper_fgs_bdeu_alpha001_n5000_50rep/er8/FGS/run_0004_seed_2030.npz,,,,,,,,,,,,,,,,,,,,,,,,,,,,,,,
er8,FGS,0.2379844337701797,8,0.0,1.0,0.0,0.75,0.75,0.75,0.0,5,6,2031,ok,,results/paper_aaai2027/frozen/results/estimated_graphs/paper_fgs_bdeu_alpha001_n5000_50rep/er8/FGS/run_0005_seed_2031.npz,,,,,,,,,,,,,,,,,,,,,,,,,,,,,,,
er8,FGS,0.0352516761049628,6,0.0,0.75,0.0,0.8333,0.625,0.7143,3.0,6,7,2032,ok,,results/paper_aaai2027/frozen/results/estimated_graphs/paper_fgs_bdeu_alpha001_n5000_50rep/er8/FGS/run_0006_seed_2032.npz,,,,,,,,,,,,,,,,,,,,,,,,,,,,,,,
er8,FGS,0.0364028410986065,8,0.0,1.0,0.0,0.75,0.75,0.75,0.0,7,8,2033,ok,,results/paper_aaai2027/frozen/results/estimated_graphs/paper_fgs_bdeu_alpha001_n5000_50rep/er8/FGS/run_0007_seed_2033.npz,,,,,,,,,,,,,,,,,,,,,,,,,,,,,,,
er8,FGS,0.034191926009953,7,0.2857,0.625,0.1,0.5714,0.5,0.5333,6.0,8,9,2034,ok,,results/paper_aaai2027/frozen/results/estimated_graphs/paper_fgs_bdeu_alpha001_n5000_50rep/er8/FGS/run_0008_seed_2034.npz,,,,,,,,,,,,,,,,,,,,,,,,,,,,,,,
er8,FGS,0.0398215893656015,8,0.0,1.0,0.0,0.75,0.75,0.75,0.0,9,10,2035,ok,,results/paper_aaai2027/frozen/results/estimated_graphs/paper_fgs_bdeu_alpha001_n5000_50rep/er8/FGS/run_0009_seed_2035.npz,,,,,,,,,,,,,,,,,,,,,,,,,,,,,,,
er8,FGS,0.0342341149225831,7,0.0,0.875,0.0,0.8571,0.75,0.8,1.0,10,11,2036,ok,,results/paper_aaai2027/frozen/results/estimated_graphs/paper_fgs_bdeu_alpha001_n5000_50rep/er8/FGS/run_0010_seed_2036.npz,,,,,,,,,,,,,,,,,,,,,,,,,,,,,,,
er8,FGS,0.0336782243102788,8,0.0,1.0,0.0,0.875,0.875,0.875,0.0,11,12,2037,ok,,results/paper_aaai2027/frozen/results/estimated_graphs/paper_fgs_bdeu_alpha001_n5000_50rep/er8/FGS/run_0011_seed_2037.npz,,,,,,,,,,,,,,,,,,,,,,,,,,,,,,,
er8,FGS,0.2414117194712162,7,0.0,0.875,0.0,1.0,0.875,0.9333,1.0,12,13,2038,ok,,results/paper_aaai2027/frozen/results/estimated_graphs/paper_fgs_bdeu_alpha001_n5000_50rep/er8/FGS/run_0012_seed_2038.npz,,,,,,,,,,,,,,,,,,,,,,,,,,,,,,,
er8,FGS,0.0370993167161941,8,0.0,1.0,0.0,0.625,0.625,0.625,0.0,13,14,2039,ok,,results/paper_aaai2027/frozen/results/estimated_graphs/paper_fgs_bdeu_alpha001_n5000_50rep/er8/FGS/run_0013_seed_2039.npz,,,,,,,,,,,,,,,,,,,,,,,,,,,,,,,
er8,FGS,0.038776802830398,10,0.3,0.875,0.15,0.7,0.875,0.7778,3.0,14,15,2040,ok,,results/paper_aaai2027/frozen/results/estimated_graphs/paper_fgs_bdeu_alpha001_n5000_50rep/er8/FGS/run_0014_seed_2040.npz,,,,,,,,,,,,,,,,,,,,,,,,,,,,,,,
er8,FGS,0.0374346310272812,8,0.0,1.0,0.0,0.875,0.875,0.875,0.0,15,16,2041,ok,,results/paper_aaai2027/frozen/results/estimated_graphs/paper_fgs_bdeu_alpha001_n5000_50rep/er8/FGS/run_0015_seed_2041.npz,,,,,,,,,,,,,,,,,,,,,,,,,,,,,,,
er8,FGS,0.0374385062605142,8,0.0,1.0,0.0,0.75,0.75,0.75,0.0,16,17,2042,ok,,results/paper_aaai2027/frozen/results/estimated_graphs/paper_fgs_bdeu_alpha001_n5000_50rep/er8/FGS/run_0016_seed_2042.npz,,,,,,,,,,,,,,,,,,,,,,,,,,,,,,,
er8,FGS,0.2428806954994797,8,0.0,1.0,0.0,0.75,0.75,0.75,0.0,17,18,2043,ok,,results/paper_aaai2027/frozen/results/estimated_graphs/paper_fgs_bdeu_alpha001_n5000_50rep/er8/FGS/run_0017_seed_2043.npz,,,,,,,,,,,,,,,,,,,,,,,,,,,,,,,
er8,FGS,0.0369331669062376,7,0.0,0.875,0.0,0.7143,0.625,0.6667,3.0,18,19,2044,ok,,results/paper_aaai2027/frozen/results/estimated_graphs/paper_fgs_bdeu_alpha001_n5000_50rep/er8/FGS/run_0018_seed_2044.npz,,,,,,,,,,,,,,,,,,,,,,,,,,,,,,,
er8,FGS,0.0392739381641149,8,0.0,1.0,0.0,0.75,0.75,0.75,0.0,19,20,2045,ok,,results/paper_aaai2027/frozen/results/estimated_graphs/paper_fgs_bdeu_alpha001_n5000_50rep/er8/FGS/run_0019_seed_2045.npz,,,,,,,,,,,,,,,,,,,,,,,,,,,,,,,
er8,FGS,0.0346929971128702,7,0.0,0.875,0.0,1.0,0.875,0.9333,1.0,20,21,2046,ok,,results/paper_aaai2027/frozen/results/estimated_graphs/paper_fgs_bdeu_alpha001_n5000_50rep/er8/FGS/run_0020_seed_2046.npz,,,,,,,,,,,,,,,,,,,,,,,,,,,,,,,
er8,FGS,0.0352500239387154,8,0.0,1.0,0.0,0.75,0.75,0.75,0.0,21,22,2047,ok,,results/paper_aaai2027/frozen/results/estimated_graphs/paper_fgs_bdeu_alpha001_n5000_50rep/er8/FGS/run_0021_seed_2047.npz,,,,,,,,,,,,,,,,,,,,,,,,,,,,,,,
er8,FGS,0.0348648866638541,7,0.0,0.875,0.0,0.7143,0.625,0.6667,2.0,22,23,2048,ok,,results/paper_aaai2027/frozen/results/estimated_graphs/paper_fgs_bdeu_alpha001_n5000_50rep/er8/FGS/run_0022_seed_2048.npz,,,,,,,,,,,,,,,,,,,,,,,,,,,,,,,
er8,FGS,0.0335872694849967,7,0.2857,0.625,0.1,0.5714,0.5,0.5333,4.0,23,24,2049,ok,,results/paper_aaai2027/frozen/results/estimated_graphs/paper_fgs_bdeu_alpha001_n5000_50rep/er8/FGS/run_0023_seed_2049.npz,,,,,,,,,,,,,,,,,,,,,,,,,,,,,,,
er8,FGS,0.2417782507836818,8,0.0,1.0,0.0,0.75,0.75,0.75,1.0,24,25,2050,ok,,results/paper_aaai2027/frozen/results/estimated_graphs/paper_fgs_bdeu_alpha001_n5000_50rep/er8/FGS/run_0024_seed_2050.npz,,,,,,,,,,,,,,,,,,,,,,,,,,,,,,,
er8,FGS,0.0374992014840245,8,0.0,1.0,0.0,0.625,0.625,0.625,0.0,25,26,2051,ok,,results/paper_aaai2027/frozen/results/estimated_graphs/paper_fgs_bdeu_alpha001_n5000_50rep/er8/FGS/run_0025_seed_2051.npz,,,,,,,,,,,,,,,,,,,,,,,,,,,,,,,
er8,FGS,0.0342826666310429,7,0.0,0.875,0.0,1.0,0.875,0.9333,1.0,26,27,2052,ok,,results/paper_aaai2027/frozen/results/estimated_graphs/paper_fgs_bdeu_alpha001_n5000_50rep/er8/FGS/run_0026_seed_2052.npz,,,,,,,,,,,,,,,,,,,,,,,,,,,,,,,
er8,FGS,0.0365983312949538,8,0.0,1.0,0.0,0.875,0.875,0.875,3.0,27,28,2053,ok,,results/paper_aaai2027/frozen/results/estimated_graphs/paper_fgs_bdeu_alpha001_n5000_50rep/er8/FGS/run_0027_seed_2053.npz,,,,,,,,,,,,,,,,,,,,,,,,,,,,,,,
er8,FGS,0.0350076612085104,8,0.0,1.0,0.0,0.875,0.875,0.875,0.0,28,29,2054,ok,,results/paper_aaai2027/frozen/results/estimated_graphs/paper_fgs_bdeu_alpha001_n5000_50rep/er8/FGS/run_0028_seed_2054.npz,,,,,,,,,,,,,,,,,,,,,,,,,,,,,,,
er8,FGS,0.2392438119277358,7,0.0,0.875,0.0,1.0,0.875,0.9333,4.0,29,30,2055,ok,,results/paper_aaai2027/frozen/results/estimated_graphs/paper_fgs_bdeu_alpha001_n5000_50rep/er8/FGS/run_0029_seed_2055.npz,,,,,,,,,,,,,,,,,,,,,,,,,,,,,,,
er8,FGS,0.0393184395506978,8,0.0,1.0,0.0,1.0,1.0,1.0,0.0,30,31,2056,ok,,results/paper_aaai2027/frozen/results/estimated_graphs/paper_fgs_bdeu_alpha001_n5000_50rep/er8/FGS/run_0030_seed_2056.npz,,,,,,,,,,,,,,,,,,,,,,,,,,,,,,,
er8,FGS,0.0377140305936336,8,0.0,1.0,0.0,0.875,0.875,0.875,0.0,31,32,2057,ok,,results/paper_aaai2027/frozen/results/estimated_graphs/paper_fgs_bdeu_alpha001_n5000_50rep/er8/FGS/run_0031_seed_2057.npz,,,,,,,,,,,,,,,,,,,,,,,,,,,,,,,
er8,FGS,0.0404108120128512,8,0.0,1.0,0.0,0.875,0.875,0.875,1.0,32,33,2058,ok,,results/paper_aaai2027/frozen/results/estimated_graphs/paper_fgs_bdeu_alpha001_n5000_50rep/er8/FGS/run_0032_seed_2058.npz,,,,,,,,,,,,,,,,,,,,,,,,,,,,,,,
er8,FGS,0.0359781412407755,8,0.0,1.0,0.0,0.875,0.875,0.875,1.0,33,34,2059,ok,,results/paper_aaai2027/frozen/results/estimated_graphs/paper_fgs_bdeu_alpha001_n5000_50rep/er8/FGS/run_0033_seed_2059.npz,,,,,,,,,,,,,,,,,,,,,,,,,,,,,,,
er8,FGS,0.0367548409849405,8,0.0,1.0,0.0,0.625,0.625,0.625,0.0,34,35,2060,ok,,results/paper_aaai2027/frozen/results/estimated_graphs/paper_fgs_bdeu_alpha001_n5000_50rep/er8/FGS/run_0034_seed_2060.npz,,,,,,,,,,,,,,,,,,,,,,,,,,,,,,,
er8,FGS,0.0424049813300371,8,0.0,1.0,0.0,0.625,0.625,0.625,0.0,35,36,2061,ok,,results/paper_aaai2027/frozen/results/estimated_graphs/paper_fgs_bdeu_alpha001_n5000_50rep/er8/FGS/run_0035_seed_2061.npz,,,,,,,,,,,,,,,,,,,,,,,,,,,,,,,
er8,FGS,0.2213455187156796,7,0.0,0.875,0.0,0.8571,0.75,0.8,4.0,36,37,2062,ok,,results/paper_aaai2027/frozen/results/estimated_graphs/paper_fgs_bdeu_alpha001_n5000_50rep/er8/FGS/run_0036_seed_2062.npz,,,,,,,,,,,,,,,,,,,,,,,,,,,,,,,
er8,FGS,0.0335695333778858,6,0.0,0.75,0.0,0.6667,0.5,0.5714,3.0,37,38,2063,ok,,results/paper_aaai2027/frozen/results/estimated_graphs/paper_fgs_bdeu_alpha001_n5000_50rep/er8/FGS/run_0037_seed_2063.npz,,,,,,,,,,,,,,,,,,,,,,,,,,,,,,,
er8,FGS,0.0379708120599389,8,0.0,1.0,0.0,0.625,0.625,0.625,0.0,38,39,2064,ok,,results/paper_aaai2027/frozen/results/estimated_graphs/paper_fgs_bdeu_alpha001_n5000_50rep/er8/FGS/run_0038_seed_2064.npz,,,,,,,,,,,,,,,,,,,,,,,,,,,,,,,
er8,FGS,0.0406346041709184,8,0.0,1.0,0.0,1.0,1.0,1.0,0.0,39,40,2065,ok,,results/paper_aaai2027/frozen/results/estimated_graphs/paper_fgs_bdeu_alpha001_n5000_50rep/er8/FGS/run_0039_seed_2065.npz,,,,,,,,,,,,,,,,,,,,,,,,,,,,,,,
er8,FGS,0.0365209309384226,8,0.0,1.0,0.0,0.875,0.875,0.875,1.0,40,41,2066,ok,,results/paper_aaai2027/frozen/results/estimated_graphs/paper_fgs_bdeu_alpha001_n5000_50rep/er8/FGS/run_0040_seed_2066.npz,,,,,,,,,,,,,,,,,,,,,,,,,,,,,,,
er8,FGS,0.2400017203763127,8,0.0,1.0,0.0,0.625,0.625,0.625,0.0,41,42,2067,ok,,results/paper_aaai2027/frozen/results/estimated_graphs/paper_fgs_bdeu_alpha001_n5000_50rep/er8/FGS/run_0041_seed_2067.npz,,,,,,,,,,,,,,,,,,,,,,,,,,,,,,,
er8,FGS,0.0367080383002758,8,0.0,1.0,0.0,0.875,0.875,0.875,0.0,42,43,2068,ok,,results/paper_aaai2027/frozen/results/estimated_graphs/paper_fgs_bdeu_alpha001_n5000_50rep/er8/FGS/run_0042_seed_2068.npz,,,,,,,,,,,,,,,,,,,,,,,,,,,,,,,
er8,FGS,0.0391300525516271,7,0.0,0.875,0.0,0.7143,0.625,0.6667,3.0,43,44,2069,ok,,results/paper_aaai2027/frozen/results/estimated_graphs/paper_fgs_bdeu_alpha001_n5000_50rep/er8/FGS/run_0043_seed_2069.npz,,,,,,,,,,,,,,,,,,,,,,,,,,,,,,,
er8,FGS,0.2302846619859337,7,0.0,0.875,0.0,0.8571,0.75,0.8,1.0,44,45,2070,ok,,results/paper_aaai2027/frozen/results/estimated_graphs/paper_fgs_bdeu_alpha001_n5000_50rep/er8/FGS/run_0044_seed_2070.npz,,,,,,,,,,,,,,,,,,,,,,,,,,,,,,,
er8,FGS,0.0639013210311532,6,0.0,0.75,0.0,0.8333,0.625,0.7143,2.0,45,46,2071,ok,,results/paper_aaai2027/frozen/results/estimated_graphs/paper_fgs_bdeu_alpha001_n5000_50rep/er8/FGS/run_0045_seed_2071.npz,,,,,,,,,,,,,,,,,,,,,,,,,,,,,,,
er8,FGS,0.0375760663300752,8,0.0,1.0,0.0,0.875,0.875,0.875,2.0,46,47,2072,ok,,results/paper_aaai2027/frozen/results/estimated_graphs/paper_fgs_bdeu_alpha001_n5000_50rep/er8/FGS/run_0046_seed_2072.npz,,,,,,,,,,,,,,,,,,,,,,,,,,,,,,,
er8,FGS,0.0371953407302498,8,0.0,1.0,0.0,0.875,0.875,0.875,2.0,47,48,2073,ok,,results/paper_aaai2027/frozen/results/estimated_graphs/paper_fgs_bdeu_alpha001_n5000_50rep/er8/FGS/run_0047_seed_2073.npz,,,,,,,,,,,,,,,,,,,,,,,,,,,,,,,
er8,FGS,0.0352517431601882,6,0.3333,0.5,0.1,0.5,0.375,0.4286,5.0,48,49,2074,ok,,results/paper_aaai2027/frozen/results/estimated_graphs/paper_fgs_bdeu_alpha001_n5000_50rep/er8/FGS/run_0048_seed_2074.npz,,,,,,,,,,,,,,,,,,,,,,,,,,,,,,,
er8,FGS,0.03397185821086168,6,0.1667,0.625,0.05,0.5,0.375,0.4286,4.0,49,50,2075,ok,,results/paper_aaai2027/frozen/results/estimated_graphs/paper_fgs_bdeu_alpha001_n5000_50rep/er8/FGS/run_0049_seed_2075.npz,,,,,,,,,,,,,,,,,,,,,,,,,,,,,,,
