dataset,num_nodes,num_edges,impl,run_id,time,remove_n,dag_nnz,dag_fdr,dag_tpr,dag_fpr,dag_precision,dag_recall,dag_F1,dag_shd,dag_sid,cpdag_nnz,cpdag_fdr,cpdag_tpr,cpdag_fpr,cpdag_precision,cpdag_recall,cpdag_F1,cpdag_shd,cpdag_sid_low,cpdag_sid_high
factors_influencing_well_being_and_resources,9,8,org,0,10.09879452700261,15,7,0.1429,0.75,0.0357,0.8571,0.75,0.8,2.0,11.0,7,0.0,0.875,0.0,0.7143,0.625,0.6667,1.0,5.0,11.0
factors_influencing_well_being_and_resources,9,8,org,1,1.0855039421003312,8,7,0.1429,0.75,0.0357,0.8571,0.75,0.8,2.0,11.0,7,0.0,0.875,0.0,0.7143,0.625,0.6667,1.0,5.0,11.0
factors_influencing_well_being_and_resources,9,8,org,2,1.9919151189969853,12,8,0.125,0.875,0.0357,0.875,0.875,0.875,2.0,5.0,8,0.125,0.875,0.0357,0.75,0.75,0.75,3.0,5.0,11.0
factors_influencing_well_being_and_resources,9,8,org,3,1.9726453649345785,6,8,0.25,0.75,0.0714,0.75,0.75,0.75,3.0,11.0,8,0.125,0.875,0.0357,0.625,0.625,0.625,2.0,5.0,16.0
factors_influencing_well_being_and_resources,9,8,org,4,1236.2397227099864,49,8,0.25,0.75,0.0714,0.75,0.75,0.75,3.0,11.0,8,0.125,0.875,0.0357,0.625,0.625,0.625,2.0,5.0,11.0
factors_influencing_well_being_and_resources,9,8,org,5,254.02262055303436,25,8,0.125,0.875,0.0357,0.875,0.875,0.875,2.0,5.0,8,0.125,0.875,0.0357,0.625,0.625,0.625,2.0,5.0,16.0
factors_influencing_well_being_and_resources,9,8,org,6,0.474977235076949,6,7,0.0,0.875,0.0,1.0,0.875,0.9333,1.0,5.0,7,0.0,0.875,0.0,0.7143,0.625,0.6667,1.0,5.0,11.0
factors_influencing_well_being_and_resources,9,8,org,7,0.7719652149826288,3,8,0.25,0.75,0.0714,0.75,0.75,0.75,3.0,11.0,8,0.125,0.875,0.0357,0.625,0.625,0.625,2.0,5.0,16.0
factors_influencing_well_being_and_resources,9,8,org,8,1.4405849049799144,9,7,0.0,0.875,0.0,1.0,0.875,0.9333,1.0,5.0,7,0.0,0.875,0.0,0.7143,0.625,0.6667,1.0,5.0,11.0
factors_influencing_well_being_and_resources,9,8,org,9,6.100080235977657,11,7,0.1429,0.75,0.0357,0.8571,0.75,0.8,2.0,11.0,7,0.0,0.875,0.0,0.7143,0.625,0.6667,1.0,5.0,11.0
factors_influencing_well_being_and_resources,9,8,org,10,233.4565024849726,33,8,0.125,0.875,0.0357,0.875,0.875,0.875,2.0,5.0,8,0.125,0.875,0.0357,0.75,0.75,0.75,3.0,5.0,11.0
factors_influencing_well_being_and_resources,9,8,org,11,0.9229634610237554,6,7,0.0,0.875,0.0,1.0,0.875,0.9333,1.0,5.0,7,0.0,0.875,0.0,0.7143,0.625,0.6667,1.0,5.0,11.0
factors_influencing_well_being_and_resources,9,8,org,12,43.78356571402401,24,7,0.1429,0.75,0.0357,0.8571,0.75,0.8,2.0,11.0,7,0.0,0.875,0.0,0.7143,0.625,0.6667,1.0,5.0,11.0
factors_influencing_well_being_and_resources,9,8,org,13,2.384234762052074,10,7,0.0,0.875,0.0,1.0,0.875,0.9333,1.0,5.0,7,0.0,0.875,0.0,0.7143,0.625,0.6667,1.0,5.0,11.0
factors_influencing_well_being_and_resources,9,8,org,14,2298.745465635904,39,9,0.4444,0.625,0.1429,0.5556,0.625,0.5882,6.0,18.0,9,0.4444,0.625,0.1429,0.4444,0.5,0.4706,7.0,18.0,24.0
factors_influencing_well_being_and_resources,9,8,org,15,0.9942137829493731,8,8,0.125,0.875,0.0357,0.875,0.875,0.875,1.0,6.0,8,0.125,0.875,0.0357,0.625,0.625,0.625,2.0,6.0,12.0
factors_influencing_well_being_and_resources,9,8,org,16,29.418683641939424,17,8,0.25,0.75,0.0714,0.75,0.75,0.75,3.0,11.0,8,0.125,0.875,0.0357,0.625,0.625,0.625,2.0,5.0,11.0
factors_influencing_well_being_and_resources,9,8,org,17,2.039613111061044,5,8,0.25,0.75,0.0714,0.75,0.75,0.75,3.0,11.0,8,0.125,0.875,0.0357,0.625,0.625,0.625,2.0,5.0,16.0
factors_influencing_well_being_and_resources,9,8,org,18,5.216012490913272,15,8,0.25,0.75,0.0714,0.75,0.75,0.75,3.0,11.0,8,0.25,0.75,0.0714,0.5,0.5,0.5,3.0,11.0,17.0
factors_influencing_well_being_and_resources,9,8,org,19,315.6098760549212,27,8,0.25,0.75,0.0714,0.75,0.75,0.75,3.0,11.0,8,0.125,0.875,0.0357,0.625,0.625,0.625,2.0,5.0,16.0
factors_influencing_well_being_and_resources,9,8,org,20,14.263808611081913,17,7,0.1429,0.75,0.0357,0.8571,0.75,0.8,2.0,11.0,7,0.0,0.875,0.0,0.7143,0.625,0.6667,1.0,5.0,11.0
factors_influencing_well_being_and_resources,9,8,org,21,11.002935955999419,12,8,0.125,0.875,0.0357,0.875,0.875,0.875,1.0,6.0,8,0.125,0.875,0.0357,0.625,0.625,0.625,2.0,6.0,12.0
factors_influencing_well_being_and_resources,9,8,org,22,0.18048287089914083,1,7,0.0,0.875,0.0,1.0,0.875,0.9333,1.0,5.0,7,0.0,0.875,0.0,0.7143,0.625,0.6667,1.0,5.0,11.0
factors_influencing_well_being_and_resources,9,8,org,23,186.88746389304288,34,7,0.0,0.875,0.0,1.0,0.875,0.9333,1.0,5.0,7,0.0,0.875,0.0,0.7143,0.625,0.6667,1.0,5.0,11.0
factors_influencing_well_being_and_resources,9,8,org,24,0.3487954488955438,3,7,0.0,0.875,0.0,1.0,0.875,0.9333,1.0,5.0,7,0.0,0.875,0.0,0.7143,0.625,0.6667,1.0,5.0,11.0
factors_influencing_well_being_and_resources,9,8,org,25,1.75108415808063,17,7,0.1429,0.75,0.0357,0.8571,0.75,0.8,2.0,11.0,7,0.0,0.875,0.0,0.7143,0.625,0.6667,1.0,5.0,11.0
factors_influencing_well_being_and_resources,9,8,org,26,0.7243471299298108,9,10,0.7,0.375,0.25,0.3,0.375,0.3333,8.0,23.0,10,0.3,0.875,0.1071,0.5,0.625,0.5556,7.0,5.0,23.0
factors_influencing_well_being_and_resources,9,8,org,27,10.940199324977584,33,8,0.125,0.875,0.0357,0.875,0.875,0.875,2.0,5.0,8,0.125,0.875,0.0357,0.75,0.75,0.75,3.0,5.0,11.0
factors_influencing_well_being_and_resources,9,8,org,28,0.1542865770170465,6,7,0.0,0.875,0.0,1.0,0.875,0.9333,1.0,5.0,7,0.0,0.875,0.0,0.7143,0.625,0.6667,1.0,5.0,11.0
factors_influencing_well_being_and_resources,9,8,org,29,0.16216554900165647,8,7,0.0,0.875,0.0,1.0,0.875,0.9333,1.0,5.0,7,0.0,0.875,0.0,0.7143,0.625,0.6667,1.0,5.0,11.0
factors_influencing_well_being_and_resources,9,8,org,30,32.83568786003161,42,11,0.4545,0.75,0.1786,0.5455,0.75,0.6316,6.0,14.0,11,0.4545,0.75,0.1786,0.4545,0.625,0.5263,7.0,14.0,20.0
factors_influencing_well_being_and_resources,9,8,org,31,27.550778415985405,30,9,0.5556,0.5,0.1786,0.4444,0.5,0.4706,6.0,19.0,9,0.4444,0.625,0.1429,0.4444,0.5,0.4706,5.0,15.0,23.0
factors_influencing_well_being_and_resources,9,8,org,32,0.30313333799131215,6,7,0.1429,0.75,0.0357,0.8571,0.75,0.8,2.0,11.0,7,0.0,0.875,0.0,0.7143,0.625,0.6667,1.0,5.0,11.0
factors_influencing_well_being_and_resources,9,8,org,33,406.1908581019379,40,9,0.3333,0.75,0.1071,0.6667,0.75,0.7059,5.0,9.0,9,0.3333,0.75,0.1071,0.4444,0.5,0.4706,6.0,9.0,15.0
factors_influencing_well_being_and_resources,9,8,org,34,0.15393363405019045,1,7,0.0,0.875,0.0,1.0,0.875,0.9333,1.0,5.0,7,0.0,0.875,0.0,0.7143,0.625,0.6667,1.0,5.0,11.0
factors_influencing_well_being_and_resources,9,8,org,35,25.936499278992414,33,7,0.1429,0.75,0.0357,0.8571,0.75,0.8,2.0,11.0,7,0.0,0.875,0.0,0.7143,0.625,0.6667,1.0,5.0,11.0
factors_influencing_well_being_and_resources,9,8,org,36,0.5591329059097916,8,9,0.3333,0.75,0.1071,0.6667,0.75,0.7059,4.0,8.0,9,0.2222,0.875,0.0714,0.5556,0.625,0.5882,6.0,5.0,18.0
factors_influencing_well_being_and_resources,9,8,org,37,1.1934763729805127,12,7,0.1429,0.75,0.0357,0.8571,0.75,0.8,2.0,11.0,7,0.0,0.875,0.0,0.7143,0.625,0.6667,1.0,5.0,11.0
factors_influencing_well_being_and_resources,9,8,org,38,0.34175880101975054,5,7,0.1429,0.75,0.0357,0.8571,0.75,0.8,2.0,11.0,7,0.0,0.875,0.0,0.7143,0.625,0.6667,1.0,5.0,11.0
factors_influencing_well_being_and_resources,9,8,org,39,908.2903718639864,41,10,0.5,0.625,0.1786,0.5,0.625,0.5556,7.0,12.0,10,0.4,0.75,0.1429,0.5,0.625,0.5556,7.0,6.0,12.0
factors_influencing_well_being_and_resources,9,8,org,40,0.24229365796782076,7,7,0.0,0.875,0.0,1.0,0.875,0.9333,1.0,5.0,7,0.0,0.875,0.0,0.7143,0.625,0.6667,1.0,5.0,11.0
factors_influencing_well_being_and_resources,9,8,org,41,0.2537783569423482,6,8,0.25,0.75,0.0714,0.75,0.75,0.75,3.0,11.0,8,0.125,0.875,0.0357,0.625,0.625,0.625,2.0,5.0,16.0
factors_influencing_well_being_and_resources,9,8,org,42,9.292726158048026,29,7,0.1429,0.75,0.0357,0.8571,0.75,0.8,2.0,11.0,7,0.0,0.875,0.0,0.7143,0.625,0.6667,1.0,5.0,11.0
factors_influencing_well_being_and_resources,9,8,org,43,334.57675378397107,45,9,0.3333,0.75,0.1071,0.6667,0.75,0.7059,4.0,11.0,9,0.2222,0.875,0.0714,0.5556,0.625,0.5882,3.0,5.0,11.0
factors_influencing_well_being_and_resources,9,8,org,44,3.5898532880237326,22,11,0.3636,0.875,0.1429,0.6364,0.875,0.7368,5.0,5.0,11,0.3636,0.875,0.1429,0.5455,0.75,0.6316,6.0,5.0,11.0
factors_influencing_well_being_and_resources,9,8,org,45,0.15560231101699173,2,7,0.0,0.875,0.0,1.0,0.875,0.9333,1.0,5.0,7,0.0,0.875,0.0,0.7143,0.625,0.6667,1.0,5.0,11.0
factors_influencing_well_being_and_resources,9,8,org,46,1321.7426398249809,44,10,0.5,0.625,0.1786,0.5,0.625,0.5556,6.0,14.0,10,0.4,0.75,0.1429,0.5,0.625,0.5556,6.0,7.0,17.0
factors_influencing_well_being_and_resources,9,8,org,47,0.35406652092933655,9,7,0.0,0.875,0.0,1.0,0.875,0.9333,1.0,5.0,7,0.0,0.875,0.0,0.7143,0.625,0.6667,1.0,5.0,11.0
factors_influencing_well_being_and_resources,9,8,org,48,0.15503990300931036,2,7,0.0,0.875,0.0,1.0,0.875,0.9333,1.0,5.0,7,0.0,0.875,0.0,0.7143,0.625,0.6667,1.0,5.0,11.0
factors_influencing_well_being_and_resources,9,8,org,49,54.24478784308303,35,8,0.25,0.75,0.0714,0.75,0.75,0.75,4.0,8.0,8,0.25,0.75,0.0714,0.625,0.625,0.625,5.0,8.0,14.0
factors_influencing_well_being_and_resources,9,8,new,0,3.456866453983821,15,8,0.125,0.875,0.0357,0.875,0.875,0.875,2.0,5.0,8,0.125,0.875,0.0357,0.75,0.75,0.75,3.0,5.0,11.0
factors_influencing_well_being_and_resources,9,8,new,1,0.9975601820042357,8,7,0.0,0.875,0.0,1.0,0.875,0.9333,1.0,5.0,7,0.0,0.875,0.0,0.7143,0.625,0.6667,1.0,5.0,11.0
factors_influencing_well_being_and_resources,9,8,new,2,1.8756577420281246,12,7,0.0,0.875,0.0,1.0,0.875,0.9333,1.0,5.0,7,0.0,0.875,0.0,0.7143,0.625,0.6667,1.0,5.0,11.0
factors_influencing_well_being_and_resources,9,8,new,3,1.3726352580124512,6,8,0.25,0.75,0.0714,0.75,0.75,0.75,3.0,11.0,8,0.125,0.875,0.0357,0.625,0.625,0.625,2.0,5.0,16.0
factors_influencing_well_being_and_resources,9,8,new,4,198.64254810102284,49,8,0.25,0.75,0.0714,0.75,0.75,0.75,3.0,11.0,8,0.125,0.875,0.0357,0.625,0.625,0.625,2.0,5.0,11.0
factors_influencing_well_being_and_resources,9,8,new,5,171.69464175298344,25,8,0.125,0.875,0.0357,0.875,0.875,0.875,2.0,5.0,8,0.125,0.875,0.0357,0.625,0.625,0.625,2.0,5.0,16.0
factors_influencing_well_being_and_resources,9,8,new,6,0.46764499694108963,6,7,0.0,0.875,0.0,1.0,0.875,0.9333,1.0,5.0,7,0.0,0.875,0.0,0.7143,0.625,0.6667,1.0,5.0,11.0
factors_influencing_well_being_and_resources,9,8,new,7,0.5954162229318172,3,8,0.125,0.875,0.0357,0.875,0.875,0.875,2.0,5.0,8,0.125,0.875,0.0357,0.625,0.625,0.625,2.0,5.0,16.0
factors_influencing_well_being_and_resources,9,8,new,8,1.2744249649113044,9,7,0.0,0.875,0.0,1.0,0.875,0.9333,1.0,5.0,7,0.0,0.875,0.0,0.7143,0.625,0.6667,1.0,5.0,11.0
factors_influencing_well_being_and_resources,9,8,new,9,3.5575980950379744,11,7,0.0,0.875,0.0,1.0,0.875,0.9333,1.0,5.0,7,0.0,0.875,0.0,0.7143,0.625,0.6667,1.0,5.0,11.0
factors_influencing_well_being_and_resources,9,8,new,10,71.91372630395927,33,8,0.25,0.75,0.0714,0.75,0.75,0.75,3.0,11.0,8,0.125,0.875,0.0357,0.75,0.75,0.75,3.0,5.0,11.0
factors_influencing_well_being_and_resources,9,8,new,11,0.6219045689795166,6,7,0.0,0.875,0.0,1.0,0.875,0.9333,1.0,5.0,7,0.0,0.875,0.0,0.7143,0.625,0.6667,1.0,5.0,11.0
factors_influencing_well_being_and_resources,9,8,new,12,23.915994296083227,24,7,0.1429,0.75,0.0357,0.8571,0.75,0.8,2.0,11.0,7,0.0,0.875,0.0,0.7143,0.625,0.6667,1.0,5.0,11.0
factors_influencing_well_being_and_resources,9,8,new,13,2.2331133760744706,10,7,0.0,0.875,0.0,1.0,0.875,0.9333,1.0,5.0,7,0.0,0.875,0.0,0.7143,0.625,0.6667,1.0,5.0,11.0
factors_influencing_well_being_and_resources,9,8,new,14,741.598176806001,39,10,0.6,0.5,0.2143,0.4,0.5,0.4444,7.0,22.0,10,0.4,0.75,0.1429,0.4,0.5,0.4444,7.0,13.0,36.0
factors_influencing_well_being_and_resources,9,8,new,15,1.117232708958909,8,8,0.125,0.875,0.0357,0.875,0.875,0.875,1.0,6.0,8,0.125,0.875,0.0357,0.625,0.625,0.625,2.0,6.0,12.0
factors_influencing_well_being_and_resources,9,8,new,16,13.433764973073266,17,8,0.125,0.875,0.0357,0.875,0.875,0.875,2.0,5.0,8,0.125,0.875,0.0357,0.625,0.625,0.625,2.0,5.0,11.0
factors_influencing_well_being_and_resources,9,8,new,17,1.3417863469803706,5,8,0.125,0.875,0.0357,0.875,0.875,0.875,2.0,5.0,8,0.125,0.875,0.0357,0.625,0.625,0.625,2.0,5.0,16.0
factors_influencing_well_being_and_resources,9,8,new,18,3.1218301070621237,15,8,0.25,0.75,0.0714,0.75,0.75,0.75,3.0,11.0,8,0.25,0.75,0.0714,0.5,0.5,0.5,3.0,11.0,17.0
factors_influencing_well_being_and_resources,9,8,new,19,168.8436940140091,27,7,0.0,0.875,0.0,1.0,0.875,0.9333,1.0,5.0,7,0.0,0.875,0.0,0.7143,0.625,0.6667,1.0,5.0,11.0
factors_influencing_well_being_and_resources,9,8,new,20,12.437914345995523,17,8,0.125,0.875,0.0357,0.875,0.875,0.875,2.0,5.0,8,0.125,0.875,0.0357,0.625,0.625,0.625,2.0,5.0,11.0
factors_influencing_well_being_and_resources,9,8,new,21,7.475114012951963,12,8,0.125,0.875,0.0357,0.875,0.875,0.875,1.0,6.0,8,0.125,0.875,0.0357,0.625,0.625,0.625,2.0,6.0,12.0
factors_influencing_well_being_and_resources,9,8,new,22,0.20862515596672893,1,7,0.0,0.875,0.0,1.0,0.875,0.9333,1.0,5.0,7,0.0,0.875,0.0,0.7143,0.625,0.6667,1.0,5.0,11.0
factors_influencing_well_being_and_resources,9,8,new,23,161.99347648699768,34,9,0.3333,0.75,0.1071,0.6667,0.75,0.7059,4.0,11.0,9,0.2222,0.875,0.0714,0.6667,0.75,0.7059,4.0,5.0,17.0
factors_influencing_well_being_and_resources,9,8,new,24,0.28453942597843707,3,7,0.0,0.875,0.0,1.0,0.875,0.9333,1.0,5.0,7,0.0,0.875,0.0,0.7143,0.625,0.6667,1.0,5.0,11.0
factors_influencing_well_being_and_resources,9,8,new,25,1.79323392896913,17,8,0.25,0.75,0.0714,0.75,0.75,0.75,3.0,11.0,8,0.125,0.875,0.0357,0.625,0.625,0.625,2.0,5.0,11.0
factors_influencing_well_being_and_resources,9,8,new,26,0.5384493579622358,9,10,0.5,0.625,0.1786,0.5,0.625,0.5556,6.0,12.0,10,0.3,0.875,0.1071,0.5,0.625,0.5556,7.0,5.0,23.0
factors_influencing_well_being_and_resources,9,8,new,27,6.398913926095702,33,7,0.0,0.875,0.0,1.0,0.875,0.9333,1.0,5.0,7,0.0,0.875,0.0,0.7143,0.625,0.6667,1.0,5.0,11.0
factors_influencing_well_being_and_resources,9,8,new,28,0.15456815308425575,6,7,0.0,0.875,0.0,1.0,0.875,0.9333,1.0,5.0,7,0.0,0.875,0.0,0.7143,0.625,0.6667,1.0,5.0,11.0
factors_influencing_well_being_and_resources,9,8,new,29,0.16466869600117207,8,7,0.0,0.875,0.0,1.0,0.875,0.9333,1.0,5.0,7,0.0,0.875,0.0,0.7143,0.625,0.6667,1.0,5.0,11.0
factors_influencing_well_being_and_resources,9,8,new,30,10.18048965500202,42,10,0.4,0.75,0.1429,0.6,0.75,0.6667,5.0,14.0,10,0.4,0.75,0.1429,0.5,0.625,0.5556,6.0,14.0,20.0
factors_influencing_well_being_and_resources,9,8,new,31,14.090718956897035,30,9,0.5556,0.5,0.1786,0.4444,0.5,0.4706,6.0,19.0,9,0.4444,0.625,0.1429,0.4444,0.5,0.4706,5.0,15.0,23.0
factors_influencing_well_being_and_resources,9,8,new,32,0.28588820702861995,6,7,0.0,0.875,0.0,1.0,0.875,0.9333,1.0,5.0,7,0.0,0.875,0.0,0.7143,0.625,0.6667,1.0,5.0,11.0
factors_influencing_well_being_and_resources,9,8,new,33,31.368919229018502,40,8,0.375,0.625,0.1071,0.625,0.625,0.625,5.0,15.0,8,0.25,0.75,0.0714,0.5,0.5,0.5,5.0,9.0,15.0
factors_influencing_well_being_and_resources,9,8,new,34,0.1435032329754904,1,7,0.0,0.875,0.0,1.0,0.875,0.9333,1.0,5.0,7,0.0,0.875,0.0,0.7143,0.625,0.6667,1.0,5.0,11.0
factors_influencing_well_being_and_resources,9,8,new,35,3.2980753579176962,33,7,0.0,0.875,0.0,1.0,0.875,0.9333,1.0,5.0,7,0.0,0.875,0.0,0.7143,0.625,0.6667,1.0,5.0,11.0
factors_influencing_well_being_and_resources,9,8,new,36,0.44246328400913626,8,8,0.375,0.625,0.1071,0.625,0.625,0.625,4.0,12.0,8,0.125,0.875,0.0357,0.5,0.5,0.5,4.0,5.0,18.0
factors_influencing_well_being_and_resources,9,8,new,37,0.9782551149837673,12,8,0.125,0.875,0.0357,0.875,0.875,0.875,2.0,5.0,8,0.125,0.875,0.0357,0.625,0.625,0.625,2.0,5.0,11.0
factors_influencing_well_being_and_resources,9,8,new,38,0.3236725109163672,5,7,0.0,0.875,0.0,1.0,0.875,0.9333,1.0,5.0,7,0.0,0.875,0.0,0.7143,0.625,0.6667,1.0,5.0,11.0
factors_influencing_well_being_and_resources,9,8,new,39,71.76392723806202,42,7,0.1429,0.75,0.0357,0.8571,0.75,0.8,2.0,11.0,7,0.0,0.875,0.0,0.7143,0.625,0.6667,1.0,5.0,11.0
factors_influencing_well_being_and_resources,9,8,new,40,0.28710930701345205,7,7,0.0,0.875,0.0,1.0,0.875,0.9333,1.0,5.0,7,0.0,0.875,0.0,0.7143,0.625,0.6667,1.0,5.0,11.0
factors_influencing_well_being_and_resources,9,8,new,41,0.2467768790666014,6,8,0.125,0.875,0.0357,0.875,0.875,0.875,2.0,5.0,8,0.125,0.875,0.0357,0.625,0.625,0.625,2.0,5.0,16.0
factors_influencing_well_being_and_resources,9,8,new,42,5.0594621889758855,29,7,0.0,0.875,0.0,1.0,0.875,0.9333,1.0,5.0,7,0.0,0.875,0.0,0.7143,0.625,0.6667,1.0,5.0,11.0
factors_influencing_well_being_and_resources,9,8,new,43,27.950566527084447,45,11,0.6364,0.5,0.25,0.3636,0.5,0.4211,8.0,18.0,11,0.4545,0.75,0.1786,0.2727,0.375,0.3158,7.0,8.0,23.0
factors_influencing_well_being_and_resources,9,8,new,44,1.3982751499861479,23,8,0.125,0.875,0.0357,0.875,0.875,0.875,2.0,5.0,8,0.125,0.875,0.0357,0.625,0.625,0.625,2.0,5.0,16.0
factors_influencing_well_being_and_resources,9,8,new,45,0.1637956880731508,2,7,0.0,0.875,0.0,1.0,0.875,0.9333,1.0,5.0,7,0.0,0.875,0.0,0.7143,0.625,0.6667,1.0,5.0,11.0
factors_influencing_well_being_and_resources,9,8,new,46,58.75516312790569,44,10,0.5,0.625,0.1786,0.5,0.625,0.5556,6.0,14.0,10,0.3,0.875,0.1071,0.6,0.75,0.6667,5.0,2.0,15.0
factors_influencing_well_being_and_resources,9,8,new,47,0.39937784301582724,9,7,0.0,0.875,0.0,1.0,0.875,0.9333,1.0,5.0,7,0.0,0.875,0.0,0.7143,0.625,0.6667,1.0,5.0,11.0
factors_influencing_well_being_and_resources,9,8,new,48,0.15180131699889898,2,7,0.0,0.875,0.0,1.0,0.875,0.9333,1.0,5.0,7,0.0,0.875,0.0,0.7143,0.625,0.6667,1.0,5.0,11.0
factors_influencing_well_being_and_resources,9,8,new,49,12.0636591600487,35,8,0.375,0.625,0.1071,0.625,0.625,0.625,5.0,14.0,8,0.25,0.75,0.0714,0.625,0.625,0.625,5.0,8.0,14.0
pharmacological_and_cardiac_health_dynamics,6,6,org,0,0.028600957011803985,2,3,0.0,0.5,0.0,1.0,0.5,0.6667,3.0,8.0,3,0.0,0.5,0.0,0.3333,0.1667,0.2222,4.0,8.0,18.0
pharmacological_and_cardiac_health_dynamics,6,6,org,1,0.016628297977149487,1,3,0.0,0.5,0.0,1.0,0.5,0.6667,3.0,8.0,3,0.0,0.5,0.0,0.3333,0.1667,0.2222,4.0,8.0,18.0
pharmacological_and_cardiac_health_dynamics,6,6,org,2,0.18858133000321686,9,4,1.0,0.0,0.4444,0.0,0.0,,6.0,26.0,4,1.0,0.0,0.4444,0.0,0.0,,6.0,26.0,26.0
pharmacological_and_cardiac_health_dynamics,6,6,org,3,0.1919620829867199,10,4,0.75,0.1667,0.3333,0.25,0.1667,0.2,6.0,18.0,4,0.75,0.1667,0.3333,0.25,0.1667,0.2,6.0,18.0,18.0
pharmacological_and_cardiac_health_dynamics,6,6,org,4,0.04927245597355068,3,3,0.0,0.5,0.0,1.0,0.5,0.6667,3.0,8.0,3,0.0,0.5,0.0,0.3333,0.1667,0.2222,4.0,8.0,18.0
pharmacological_and_cardiac_health_dynamics,6,6,org,5,0.34957706299610436,12,3,0.6667,0.1667,0.2222,0.3333,0.1667,0.2222,5.0,18.0,3,0.6667,0.1667,0.2222,0.0,0.0,,5.0,18.0,22.0
pharmacological_and_cardiac_health_dynamics,6,6,org,6,0.21959637000691146,16,5,1.0,0.0,0.5556,0.0,0.0,,8.0,21.0,5,1.0,0.0,0.5556,0.0,0.0,,8.0,21.0,23.0
pharmacological_and_cardiac_health_dynamics,6,6,org,7,0.015806945972144604,1,3,0.3333,0.3333,0.1111,0.6667,0.3333,0.4444,4.0,12.0,3,0.0,0.5,0.0,0.3333,0.1667,0.2222,4.0,8.0,18.0
pharmacological_and_cardiac_health_dynamics,6,6,org,8,0.16378064604941756,9,5,0.6,0.3333,0.3333,0.4,0.3333,0.3636,5.0,16.0,5,0.2,0.6667,0.1111,0.4,0.3333,0.3636,5.0,6.0,23.0
pharmacological_and_cardiac_health_dynamics,6,6,org,9,0.05565706198103726,4,3,0.6667,0.1667,0.2222,0.3333,0.1667,0.2222,5.0,18.0,3,0.6667,0.1667,0.2222,0.0,0.0,,5.0,18.0,22.0
pharmacological_and_cardiac_health_dynamics,6,6,org,10,0.016368687036447227,1,3,0.3333,0.3333,0.1111,0.6667,0.3333,0.4444,4.0,12.0,3,0.0,0.5,0.0,0.3333,0.1667,0.2222,4.0,8.0,18.0
pharmacological_and_cardiac_health_dynamics,6,6,org,11,0.031015406013466418,2,4,1.0,0.0,0.4444,0.0,0.0,,6.0,26.0,4,1.0,0.0,0.4444,0.0,0.0,,6.0,26.0,26.0
pharmacological_and_cardiac_health_dynamics,6,6,org,12,0.015551024000160396,1,3,0.6667,0.1667,0.2222,0.3333,0.1667,0.2222,5.0,18.0,3,0.6667,0.1667,0.2222,0.0,0.0,,5.0,18.0,22.0
pharmacological_and_cardiac_health_dynamics,6,6,org,13,0.035221510916016996,2,3,0.0,0.5,0.0,1.0,0.5,0.6667,3.0,8.0,3,0.0,0.5,0.0,0.3333,0.1667,0.2222,4.0,8.0,18.0
pharmacological_and_cardiac_health_dynamics,6,6,org,14,0.04783282906282693,2,3,0.6667,0.1667,0.2222,0.3333,0.1667,0.2222,5.0,18.0,3,0.6667,0.1667,0.2222,0.0,0.0,,5.0,18.0,22.0
pharmacological_and_cardiac_health_dynamics,6,6,org,15,0.13363270193804055,6,3,0.6667,0.1667,0.2222,0.3333,0.1667,0.2222,5.0,18.0,3,0.6667,0.1667,0.2222,0.0,0.0,,5.0,18.0,22.0
pharmacological_and_cardiac_health_dynamics,6,6,org,16,0.06846552202478051,4,4,1.0,0.0,0.4444,0.0,0.0,,6.0,26.0,4,1.0,0.0,0.4444,0.0,0.0,,6.0,26.0,26.0
pharmacological_and_cardiac_health_dynamics,6,6,org,17,0.2049090350046754,8,4,1.0,0.0,0.4444,0.0,0.0,,6.0,26.0,4,1.0,0.0,0.4444,0.0,0.0,,6.0,26.0,26.0
pharmacological_and_cardiac_health_dynamics,6,6,org,18,0.0534661749843508,3,3,1.0,0.0,0.3333,0.0,0.0,,6.0,22.0,3,0.6667,0.1667,0.2222,0.0,0.0,,5.0,18.0,22.0
pharmacological_and_cardiac_health_dynamics,6,6,org,19,0.03700941998977214,3,4,0.5,0.3333,0.2222,0.5,0.3333,0.4,4.0,16.0,4,0.5,0.3333,0.2222,0.25,0.1667,0.2,5.0,16.0,22.0
pharmacological_and_cardiac_health_dynamics,6,6,org,20,0.07315543398726732,3,4,0.75,0.1667,0.3333,0.25,0.1667,0.2,5.0,22.0,4,0.5,0.3333,0.2222,0.25,0.1667,0.2,5.0,16.0,22.0
pharmacological_and_cardiac_health_dynamics,6,6,org,21,0.05322913790587336,2,4,0.5,0.3333,0.2222,0.5,0.3333,0.4,4.0,16.0,4,0.5,0.3333,0.2222,0.25,0.1667,0.2,5.0,16.0,22.0
pharmacological_and_cardiac_health_dynamics,6,6,org,22,0.012694512959569693,0,2,1.0,0.0,0.2222,0.0,0.0,,6.0,18.0,2,0.0,0.3333,0.0,0.0,0.0,,4.0,10.0,18.0
pharmacological_and_cardiac_health_dynamics,6,6,org,23,0.056604222976602614,4,4,0.75,0.1667,0.3333,0.25,0.1667,0.2,5.0,22.0,4,0.5,0.3333,0.2222,0.25,0.1667,0.2,5.0,16.0,22.0
pharmacological_and_cardiac_health_dynamics,6,6,org,24,0.048086154041811824,3,3,0.3333,0.3333,0.1111,0.6667,0.3333,0.4444,4.0,12.0,3,0.0,0.5,0.0,0.3333,0.1667,0.2222,4.0,8.0,18.0
pharmacological_and_cardiac_health_dynamics,6,6,org,25,0.02525565994437784,1,3,1.0,0.0,0.3333,0.0,0.0,,6.0,22.0,3,0.6667,0.1667,0.2222,0.0,0.0,,5.0,18.0,22.0
pharmacological_and_cardiac_health_dynamics,6,6,org,26,0.1613020079676062,8,3,0.0,0.5,0.0,1.0,0.5,0.6667,3.0,8.0,3,0.0,0.5,0.0,0.3333,0.1667,0.2222,4.0,8.0,18.0
pharmacological_and_cardiac_health_dynamics,6,6,org,27,0.0788482929347083,5,3,0.3333,0.3333,0.1111,0.6667,0.3333,0.4444,4.0,12.0,3,0.0,0.5,0.0,0.3333,0.1667,0.2222,4.0,8.0,18.0
pharmacological_and_cardiac_health_dynamics,6,6,org,28,0.011743377894163132,0,2,1.0,0.0,0.2222,0.0,0.0,,6.0,18.0,2,0.0,0.3333,0.0,0.0,0.0,,4.0,10.0,18.0
pharmacological_and_cardiac_health_dynamics,6,6,org,29,0.030551594914868474,2,4,0.5,0.3333,0.2222,0.5,0.3333,0.4,4.0,16.0,4,0.5,0.3333,0.2222,0.25,0.1667,0.2,5.0,16.0,22.0
pharmacological_and_cardiac_health_dynamics,6,6,org,30,0.39505310892127454,17,4,1.0,0.0,0.4444,0.0,0.0,,6.0,26.0,4,1.0,0.0,0.4444,0.0,0.0,,6.0,26.0,26.0
pharmacological_and_cardiac_health_dynamics,6,6,org,31,0.2657054929295555,14,5,0.6,0.3333,0.3333,0.4,0.3333,0.3636,5.0,15.0,5,0.2,0.6667,0.1111,0.4,0.3333,0.3636,4.0,5.0,15.0
pharmacological_and_cardiac_health_dynamics,6,6,org,32,0.06065668596420437,4,3,0.0,0.5,0.0,1.0,0.5,0.6667,3.0,8.0,3,0.0,0.5,0.0,0.3333,0.1667,0.2222,4.0,8.0,18.0
pharmacological_and_cardiac_health_dynamics,6,6,org,33,0.025825832039117813,1,3,1.0,0.0,0.3333,0.0,0.0,,7.0,17.0,3,0.3333,0.3333,0.1111,0.0,0.0,,5.0,9.0,19.0
pharmacological_and_cardiac_health_dynamics,6,6,org,34,0.07313786400482059,5,4,0.25,0.5,0.1111,0.75,0.5,0.6,3.0,10.0,4,0.0,0.6667,0.0,0.5,0.3333,0.4,4.0,6.0,18.0
pharmacological_and_cardiac_health_dynamics,6,6,org,35,0.4066177839413285,14,5,0.6,0.3333,0.3333,0.4,0.3333,0.3636,6.0,12.0,5,0.6,0.3333,0.3333,0.2,0.1667,0.1818,7.0,12.0,22.0
pharmacological_and_cardiac_health_dynamics,6,6,org,36,0.2936475919559598,11,4,1.0,0.0,0.4444,0.0,0.0,,7.0,24.0,4,0.75,0.1667,0.3333,0.25,0.1667,0.2,7.0,20.0,26.0
pharmacological_and_cardiac_health_dynamics,6,6,org,37,0.11982358701061457,7,4,1.0,0.0,0.4444,0.0,0.0,,6.0,26.0,4,1.0,0.0,0.4444,0.0,0.0,,6.0,26.0,26.0
pharmacological_and_cardiac_health_dynamics,6,6,org,38,0.04402647307142615,4,4,0.5,0.3333,0.2222,0.5,0.3333,0.4,4.0,16.0,4,0.5,0.3333,0.2222,0.25,0.1667,0.2,5.0,16.0,22.0
pharmacological_and_cardiac_health_dynamics,6,6,org,39,0.012729529058560729,0,2,1.0,0.0,0.2222,0.0,0.0,,6.0,18.0,2,0.0,0.3333,0.0,0.0,0.0,,4.0,10.0,18.0
pharmacological_and_cardiac_health_dynamics,6,6,org,40,0.03214553208090365,2,3,1.0,0.0,0.3333,0.0,0.0,,6.0,22.0,3,0.6667,0.1667,0.2222,0.0,0.0,,5.0,18.0,22.0
pharmacological_and_cardiac_health_dynamics,6,6,org,41,0.3171346300514415,13,6,0.5,0.5,0.3333,0.5,0.5,0.5,5.0,8.0,6,0.3333,0.6667,0.2222,0.3333,0.3333,0.3333,5.0,3.0,19.0
pharmacological_and_cardiac_health_dynamics,6,6,org,42,0.03626835497561842,2,3,0.6667,0.1667,0.2222,0.3333,0.1667,0.2222,5.0,18.0,3,0.6667,0.1667,0.2222,0.0,0.0,,5.0,18.0,22.0
pharmacological_and_cardiac_health_dynamics,6,6,org,43,0.10283160791732371,5,4,1.0,0.0,0.4444,0.0,0.0,,6.0,26.0,4,1.0,0.0,0.4444,0.0,0.0,,6.0,26.0,26.0
pharmacological_and_cardiac_health_dynamics,6,6,org,44,0.1818856350146234,8,3,0.6667,0.1667,0.2222,0.3333,0.1667,0.2222,5.0,18.0,3,0.6667,0.1667,0.2222,0.0,0.0,,5.0,18.0,22.0
pharmacological_and_cardiac_health_dynamics,6,6,org,45,0.07807923690415919,5,4,1.0,0.0,0.4444,0.0,0.0,,6.0,26.0,4,1.0,0.0,0.4444,0.0,0.0,,6.0,26.0,26.0
pharmacological_and_cardiac_health_dynamics,6,6,org,46,0.3233856000006199,28,5,0.8,0.1667,0.4444,0.2,0.1667,0.1818,6.0,19.0,5,0.6,0.3333,0.3333,0.2,0.1667,0.1818,5.0,15.0,19.0
pharmacological_and_cardiac_health_dynamics,6,6,org,47,0.4458466209471226,29,5,0.8,0.1667,0.4444,0.2,0.1667,0.1818,6.0,18.0,5,0.6,0.3333,0.3333,0.0,0.0,,5.0,18.0,22.0
pharmacological_and_cardiac_health_dynamics,6,6,org,48,0.12444124696776271,6,5,0.6,0.3333,0.3333,0.4,0.3333,0.3636,5.0,15.0,5,0.6,0.3333,0.3333,0.2,0.1667,0.1818,5.0,15.0,19.0
pharmacological_and_cardiac_health_dynamics,6,6,org,49,0.2794963800115511,11,3,1.0,0.0,0.3333,0.0,0.0,,6.0,22.0,3,0.6667,0.1667,0.2222,0.0,0.0,,5.0,18.0,22.0
pharmacological_and_cardiac_health_dynamics,6,6,new,0,0.03292434103786945,2,3,0.0,0.5,0.0,1.0,0.5,0.6667,3.0,8.0,3,0.0,0.5,0.0,0.3333,0.1667,0.2222,4.0,8.0,18.0
pharmacological_and_cardiac_health_dynamics,6,6,new,1,0.0179777949815616,1,3,0.0,0.5,0.0,1.0,0.5,0.6667,3.0,8.0,3,0.0,0.5,0.0,0.3333,0.1667,0.2222,4.0,8.0,18.0
pharmacological_and_cardiac_health_dynamics,6,6,new,2,0.13955134991556406,9,3,0.6667,0.1667,0.2222,0.3333,0.1667,0.2222,5.0,18.0,3,0.6667,0.1667,0.2222,0.0,0.0,,5.0,18.0,22.0
pharmacological_and_cardiac_health_dynamics,6,6,new,3,0.13063520705327392,10,4,0.75,0.1667,0.3333,0.25,0.1667,0.2,6.0,18.0,4,0.75,0.1667,0.3333,0.25,0.1667,0.2,6.0,18.0,18.0
pharmacological_and_cardiac_health_dynamics,6,6,new,4,0.05158831493463367,3,3,0.0,0.5,0.0,1.0,0.5,0.6667,3.0,8.0,3,0.0,0.5,0.0,0.3333,0.1667,0.2222,4.0,8.0,18.0
pharmacological_and_cardiac_health_dynamics,6,6,new,5,0.29953055700752884,12,4,0.75,0.1667,0.3333,0.25,0.1667,0.2,5.0,18.0,4,0.75,0.1667,0.3333,0.0,0.0,,5.0,18.0,22.0
pharmacological_and_cardiac_health_dynamics,6,6,new,6,0.29236612108070403,24,6,0.5,0.5,0.3333,0.5,0.5,0.5,5.0,11.0,6,0.3333,0.6667,0.2222,0.5,0.5,0.5,6.0,5.0,15.0
pharmacological_and_cardiac_health_dynamics,6,6,new,7,0.01589780393987894,1,3,0.3333,0.3333,0.1111,0.6667,0.3333,0.4444,4.0,12.0,3,0.0,0.5,0.0,0.3333,0.1667,0.2222,4.0,8.0,18.0
pharmacological_and_cardiac_health_dynamics,6,6,new,8,0.14667159400414675,9,5,0.4,0.5,0.2222,0.6,0.5,0.5455,4.0,12.0,5,0.2,0.6667,0.1111,0.4,0.3333,0.3636,5.0,6.0,23.0
pharmacological_and_cardiac_health_dynamics,6,6,new,9,0.0592073630541563,4,3,0.6667,0.1667,0.2222,0.3333,0.1667,0.2222,5.0,18.0,3,0.6667,0.1667,0.2222,0.0,0.0,,5.0,18.0,22.0
pharmacological_and_cardiac_health_dynamics,6,6,new,10,0.016445093089714646,1,3,0.0,0.5,0.0,1.0,0.5,0.6667,3.0,8.0,3,0.0,0.5,0.0,0.3333,0.1667,0.2222,4.0,8.0,18.0
pharmacological_and_cardiac_health_dynamics,6,6,new,11,0.03130102902650833,2,4,1.0,0.0,0.4444,0.0,0.0,,6.0,26.0,4,1.0,0.0,0.4444,0.0,0.0,,6.0,26.0,26.0
pharmacological_and_cardiac_health_dynamics,6,6,new,12,0.0170285040512681,1,3,1.0,0.0,0.3333,0.0,0.0,,6.0,22.0,3,0.6667,0.1667,0.2222,0.0,0.0,,5.0,18.0,22.0
pharmacological_and_cardiac_health_dynamics,6,6,new,13,0.03461585403420031,2,3,0.0,0.5,0.0,1.0,0.5,0.6667,3.0,8.0,3,0.0,0.5,0.0,0.3333,0.1667,0.2222,4.0,8.0,18.0
pharmacological_and_cardiac_health_dynamics,6,6,new,14,0.040831360034644604,2,3,0.6667,0.1667,0.2222,0.3333,0.1667,0.2222,5.0,18.0,3,0.6667,0.1667,0.2222,0.0,0.0,,5.0,18.0,22.0
pharmacological_and_cardiac_health_dynamics,6,6,new,15,0.11864433099981397,6,3,0.6667,0.1667,0.2222,0.3333,0.1667,0.2222,5.0,18.0,3,0.6667,0.1667,0.2222,0.0,0.0,,5.0,18.0,22.0
pharmacological_and_cardiac_health_dynamics,6,6,new,16,0.08038715296424925,4,4,1.0,0.0,0.4444,0.0,0.0,,6.0,26.0,4,1.0,0.0,0.4444,0.0,0.0,,6.0,26.0,26.0
pharmacological_and_cardiac_health_dynamics,6,6,new,17,0.15547227195929736,8,5,0.8,0.1667,0.4444,0.2,0.1667,0.1818,6.0,22.0,5,0.6,0.3333,0.3333,0.2,0.1667,0.1818,6.0,16.0,27.0
pharmacological_and_cardiac_health_dynamics,6,6,new,18,0.059118486009538174,3,3,1.0,0.0,0.3333,0.0,0.0,,6.0,22.0,3,0.6667,0.1667,0.2222,0.0,0.0,,5.0,18.0,22.0
pharmacological_and_cardiac_health_dynamics,6,6,new,19,0.04375051998067647,3,4,0.5,0.3333,0.2222,0.5,0.3333,0.4,4.0,16.0,4,0.5,0.3333,0.2222,0.25,0.1667,0.2,5.0,16.0,22.0
pharmacological_and_cardiac_health_dynamics,6,6,new,20,0.0682750599225983,3,4,0.75,0.1667,0.3333,0.25,0.1667,0.2,5.0,22.0,4,0.5,0.3333,0.2222,0.25,0.1667,0.2,5.0,16.0,22.0
pharmacological_and_cardiac_health_dynamics,6,6,new,21,0.04832999804057181,2,4,0.5,0.3333,0.2222,0.5,0.3333,0.4,4.0,16.0,4,0.5,0.3333,0.2222,0.25,0.1667,0.2,5.0,16.0,22.0
pharmacological_and_cardiac_health_dynamics,6,6,new,22,0.013365434017032385,0,2,1.0,0.0,0.2222,0.0,0.0,,6.0,18.0,2,0.0,0.3333,0.0,0.0,0.0,,4.0,10.0,18.0
pharmacological_and_cardiac_health_dynamics,6,6,new,23,0.0578009010059759,4,3,0.3333,0.3333,0.1111,0.6667,0.3333,0.4444,4.0,14.0,3,0.0,0.5,0.0,0.3333,0.1667,0.2222,4.0,8.0,18.0
pharmacological_and_cardiac_health_dynamics,6,6,new,24,0.04484205297194421,3,3,0.3333,0.3333,0.1111,0.6667,0.3333,0.4444,4.0,12.0,3,0.0,0.5,0.0,0.3333,0.1667,0.2222,4.0,8.0,18.0
pharmacological_and_cardiac_health_dynamics,6,6,new,25,0.025599224027246237,1,3,0.6667,0.1667,0.2222,0.3333,0.1667,0.2222,5.0,18.0,3,0.6667,0.1667,0.2222,0.0,0.0,,5.0,18.0,22.0
pharmacological_and_cardiac_health_dynamics,6,6,new,26,0.12940689595416188,8,3,0.0,0.5,0.0,1.0,0.5,0.6667,3.0,8.0,3,0.0,0.5,0.0,0.3333,0.1667,0.2222,4.0,8.0,18.0
pharmacological_and_cardiac_health_dynamics,6,6,new,27,0.07070720696356148,5,3,0.0,0.5,0.0,1.0,0.5,0.6667,3.0,8.0,3,0.0,0.5,0.0,0.3333,0.1667,0.2222,4.0,8.0,18.0
pharmacological_and_cardiac_health_dynamics,6,6,new,28,0.012311681057326496,0,2,1.0,0.0,0.2222,0.0,0.0,,6.0,18.0,2,0.0,0.3333,0.0,0.0,0.0,,4.0,10.0,18.0
pharmacological_and_cardiac_health_dynamics,6,6,new,29,0.033917872002348304,2,4,0.75,0.1667,0.3333,0.25,0.1667,0.2,5.0,22.0,4,0.5,0.3333,0.2222,0.25,0.1667,0.2,5.0,16.0,22.0
pharmacological_and_cardiac_health_dynamics,6,6,new,30,0.2572403660742566,17,5,0.8,0.1667,0.4444,0.2,0.1667,0.1818,6.0,22.0,5,0.6,0.3333,0.3333,0.2,0.1667,0.1818,6.0,16.0,27.0
pharmacological_and_cardiac_health_dynamics,6,6,new,31,0.19575142406392843,14,4,0.25,0.5,0.1111,0.75,0.5,0.6,3.0,12.0,4,0.0,0.6667,0.0,0.5,0.3333,0.4,4.0,6.0,18.0
pharmacological_and_cardiac_health_dynamics,6,6,new,32,0.055632748058997095,4,3,0.3333,0.3333,0.1111,0.6667,0.3333,0.4444,4.0,12.0,3,0.0,0.5,0.0,0.3333,0.1667,0.2222,4.0,8.0,18.0
pharmacological_and_cardiac_health_dynamics,6,6,new,33,0.024931523948907852,1,3,1.0,0.0,0.3333,0.0,0.0,,7.0,17.0,3,0.3333,0.3333,0.1111,0.0,0.0,,5.0,9.0,19.0
pharmacological_and_cardiac_health_dynamics,6,6,new,34,0.07017368101514876,5,4,0.0,0.6667,0.0,1.0,0.6667,0.8,2.0,6.0,4,0.0,0.6667,0.0,0.5,0.3333,0.4,4.0,6.0,18.0
pharmacological_and_cardiac_health_dynamics,6,6,new,35,0.21920769603457302,14,5,0.6,0.3333,0.3333,0.4,0.3333,0.3636,4.0,18.0,5,0.4,0.5,0.2222,0.2,0.1667,0.1818,4.0,12.0,22.0
pharmacological_and_cardiac_health_dynamics,6,6,new,36,0.23809754801914096,11,4,0.5,0.3333,0.2222,0.5,0.3333,0.4,4.0,16.0,4,0.5,0.3333,0.2222,0.25,0.1667,0.2,5.0,16.0,22.0
pharmacological_and_cardiac_health_dynamics,6,6,new,37,0.10033969802316278,7,4,0.75,0.1667,0.3333,0.25,0.1667,0.2,5.0,22.0,4,0.5,0.3333,0.2222,0.25,0.1667,0.2,5.0,16.0,22.0
pharmacological_and_cardiac_health_dynamics,6,6,new,38,0.04860069591086358,4,4,0.5,0.3333,0.2222,0.5,0.3333,0.4,4.0,16.0,4,0.5,0.3333,0.2222,0.25,0.1667,0.2,5.0,16.0,22.0
pharmacological_and_cardiac_health_dynamics,6,6,new,39,0.014361676992848516,0,2,1.0,0.0,0.2222,0.0,0.0,,6.0,18.0,2,0.0,0.3333,0.0,0.0,0.0,,4.0,10.0,18.0
pharmacological_and_cardiac_health_dynamics,6,6,new,40,0.02855908591300249,2,3,0.6667,0.1667,0.2222,0.3333,0.1667,0.2222,5.0,18.0,3,0.6667,0.1667,0.2222,0.0,0.0,,5.0,18.0,22.0
pharmacological_and_cardiac_health_dynamics,6,6,new,41,0.2214314299635589,13,4,0.75,0.1667,0.3333,0.25,0.1667,0.2,6.0,19.0,4,0.25,0.5,0.1111,0.25,0.1667,0.2,5.0,7.0,19.0
pharmacological_and_cardiac_health_dynamics,6,6,new,42,0.03925221797544509,2,3,0.6667,0.1667,0.2222,0.3333,0.1667,0.2222,5.0,18.0,3,0.6667,0.1667,0.2222,0.0,0.0,,5.0,18.0,22.0
pharmacological_and_cardiac_health_dynamics,6,6,new,43,0.08105586702004075,5,4,1.0,0.0,0.4444,0.0,0.0,,6.0,26.0,4,1.0,0.0,0.4444,0.0,0.0,,6.0,26.0,26.0
pharmacological_and_cardiac_health_dynamics,6,6,new,44,0.17258657794445753,8,4,1.0,0.0,0.4444,0.0,0.0,,6.0,26.0,4,1.0,0.0,0.4444,0.0,0.0,,6.0,26.0,26.0
pharmacological_and_cardiac_health_dynamics,6,6,new,45,0.07231580198276788,5,5,0.6,0.3333,0.3333,0.4,0.3333,0.3636,5.0,16.0,5,0.6,0.3333,0.3333,0.2,0.1667,0.1818,6.0,16.0,27.0
pharmacological_and_cardiac_health_dynamics,6,6,new,46,0.23195661406498402,30,5,0.6,0.3333,0.3333,0.4,0.3333,0.3636,5.0,15.0,5,0.6,0.3333,0.3333,0.2,0.1667,0.1818,5.0,15.0,19.0
pharmacological_and_cardiac_health_dynamics,6,6,new,47,0.31500729301478714,31,4,0.5,0.3333,0.2222,0.5,0.3333,0.4,4.0,14.0,4,0.5,0.3333,0.2222,0.0,0.0,,4.0,14.0,22.0
pharmacological_and_cardiac_health_dynamics,6,6,new,48,0.09701773198321462,6,5,0.8,0.1667,0.4444,0.2,0.1667,0.1818,5.0,22.0,5,0.6,0.3333,0.3333,0.2,0.1667,0.1818,5.0,16.0,22.0
pharmacological_and_cardiac_health_dynamics,6,6,new,49,0.22196739597711712,11,3,0.6667,0.1667,0.2222,0.3333,0.1667,0.2222,5.0,18.0,3,0.6667,0.1667,0.2222,0.0,0.0,,5.0,18.0,22.0
clinical_variables_in_cardiovascular_and_gastrointestinal_health,5,4,org,0,0.08624334202613682,12,5,0.4,0.75,0.3333,0.6,0.75,0.6667,2.0,4.0,5,0.2,1.0,0.1667,0.8,1.0,0.8889,2.0,0.0,4.0
clinical_variables_in_cardiovascular_and_gastrointestinal_health,5,4,org,1,0.060044099926017225,7,4,0.0,1.0,0.0,1.0,1.0,1.0,0.0,0.0,4,0.0,1.0,0.0,0.75,0.75,0.75,0.0,0.0,4.0
clinical_variables_in_cardiovascular_and_gastrointestinal_health,5,4,org,2,0.06279189500492066,8,4,0.5,0.5,0.3333,0.5,0.5,0.5,2.0,8.0,4,0.5,0.5,0.3333,0.5,0.5,0.5,2.0,8.0,8.0
clinical_variables_in_cardiovascular_and_gastrointestinal_health,5,4,org,3,0.1315784469479695,14,5,0.6,0.5,0.5,0.4,0.5,0.4444,3.0,8.0,5,0.6,0.5,0.5,0.4,0.5,0.4444,3.0,8.0,8.0
clinical_variables_in_cardiovascular_and_gastrointestinal_health,5,4,org,4,0.06669227592647076,10,4,0.5,0.5,0.3333,0.5,0.5,0.5,2.0,8.0,4,0.5,0.5,0.3333,0.5,0.5,0.5,2.0,8.0,8.0
clinical_variables_in_cardiovascular_and_gastrointestinal_health,5,4,org,5,0.08527535304892808,6,4,0.0,1.0,0.0,1.0,1.0,1.0,0.0,0.0,4,0.0,1.0,0.0,0.75,0.75,0.75,0.0,0.0,4.0
clinical_variables_in_cardiovascular_and_gastrointestinal_health,5,4,org,6,0.10541729093529284,13,5,0.4,0.75,0.3333,0.6,0.75,0.6667,2.0,4.0,5,0.4,0.75,0.3333,0.2,0.25,0.2222,4.0,4.0,13.0
clinical_variables_in_cardiovascular_and_gastrointestinal_health,5,4,org,7,0.06280788301955909,9,4,0.25,0.75,0.1667,0.75,0.75,0.75,1.0,4.0,4,0.0,1.0,0.0,0.75,0.75,0.75,0.0,0.0,4.0
clinical_variables_in_cardiovascular_and_gastrointestinal_health,5,4,org,8,0.05806741595733911,7,4,0.5,0.5,0.3333,0.5,0.5,0.5,2.0,8.0,4,0.5,0.5,0.3333,0.5,0.5,0.5,2.0,8.0,8.0
clinical_variables_in_cardiovascular_and_gastrointestinal_health,5,4,org,9,0.04702877101954073,6,4,0.25,0.75,0.1667,0.75,0.75,0.75,1.0,4.0,4,0.0,1.0,0.0,0.75,0.75,0.75,0.0,0.0,4.0
clinical_variables_in_cardiovascular_and_gastrointestinal_health,5,4,org,10,0.06229304405860603,9,5,0.4,0.75,0.3333,0.6,0.75,0.6667,2.0,4.0,5,0.4,0.75,0.3333,0.2,0.25,0.2222,4.0,4.0,13.0
clinical_variables_in_cardiovascular_and_gastrointestinal_health,5,4,org,11,0.0429801190039143,6,4,0.0,1.0,0.0,1.0,1.0,1.0,0.0,0.0,4,0.0,1.0,0.0,0.75,0.75,0.75,0.0,0.0,4.0
clinical_variables_in_cardiovascular_and_gastrointestinal_health,5,4,org,12,0.08272722701076418,11,4,0.5,0.5,0.3333,0.5,0.5,0.5,2.0,8.0,4,0.5,0.5,0.3333,0.5,0.5,0.5,2.0,8.0,8.0
clinical_variables_in_cardiovascular_and_gastrointestinal_health,5,4,org,13,0.023466216982342303,6,4,0.5,0.5,0.3333,0.5,0.5,0.5,2.0,8.0,4,0.5,0.5,0.3333,0.5,0.5,0.5,2.0,8.0,8.0
clinical_variables_in_cardiovascular_and_gastrointestinal_health,5,4,org,14,0.10471533401869237,10,4,0.5,0.5,0.3333,0.5,0.5,0.5,2.0,8.0,4,0.5,0.5,0.3333,0.5,0.5,0.5,2.0,8.0,8.0
clinical_variables_in_cardiovascular_and_gastrointestinal_health,5,4,org,15,0.04142464906908572,7,4,0.25,0.75,0.1667,0.75,0.75,0.75,1.0,4.0,4,0.0,1.0,0.0,0.75,0.75,0.75,0.0,0.0,4.0
clinical_variables_in_cardiovascular_and_gastrointestinal_health,5,4,org,16,0.08216051501221955,9,4,0.5,0.5,0.3333,0.5,0.5,0.5,2.0,8.0,4,0.5,0.5,0.3333,0.5,0.5,0.5,2.0,8.0,8.0
clinical_variables_in_cardiovascular_and_gastrointestinal_health,5,4,org,17,0.08175174903590232,12,4,0.5,0.5,0.3333,0.5,0.5,0.5,2.0,8.0,4,0.5,0.5,0.3333,0.5,0.5,0.5,2.0,8.0,8.0
clinical_variables_in_cardiovascular_and_gastrointestinal_health,5,4,org,18,0.06331365101505071,9,4,0.0,1.0,0.0,1.0,1.0,1.0,0.0,0.0,4,0.0,1.0,0.0,0.75,0.75,0.75,0.0,0.0,4.0
clinical_variables_in_cardiovascular_and_gastrointestinal_health,5,4,org,19,0.08463854203000665,10,5,0.2,1.0,0.1667,0.8,1.0,0.8889,1.0,0.0,5,0.2,1.0,0.1667,0.8,1.0,0.8889,2.0,0.0,4.0
clinical_variables_in_cardiovascular_and_gastrointestinal_health,5,4,org,20,0.041263971012085676,9,4,0.5,0.5,0.3333,0.5,0.5,0.5,2.0,8.0,4,0.5,0.5,0.3333,0.5,0.5,0.5,2.0,8.0,8.0
clinical_variables_in_cardiovascular_and_gastrointestinal_health,5,4,org,21,0.11593853496015072,12,5,0.2,1.0,0.1667,0.8,1.0,0.8889,1.0,0.0,5,0.2,1.0,0.1667,0.6,0.75,0.6667,1.0,0.0,4.0
clinical_variables_in_cardiovascular_and_gastrointestinal_health,5,4,org,22,0.06552033103071153,9,4,0.25,0.75,0.1667,0.75,0.75,0.75,1.0,4.0,4,0.0,1.0,0.0,0.75,0.75,0.75,0.0,0.0,4.0
clinical_variables_in_cardiovascular_and_gastrointestinal_health,5,4,org,23,0.06284653698094189,9,4,0.0,1.0,0.0,1.0,1.0,1.0,0.0,0.0,4,0.0,1.0,0.0,0.75,0.75,0.75,0.0,0.0,4.0
clinical_variables_in_cardiovascular_and_gastrointestinal_health,5,4,org,24,0.10165302199311554,12,5,0.8,0.25,0.6667,0.2,0.25,0.2222,4.0,13.0,5,0.4,0.75,0.3333,0.2,0.25,0.2222,4.0,4.0,13.0
clinical_variables_in_cardiovascular_and_gastrointestinal_health,5,4,org,25,0.08607470605056733,9,5,0.8,0.25,0.6667,0.2,0.25,0.2222,4.0,10.0,5,0.6,0.5,0.5,0.0,0.0,,5.0,8.0,17.0
clinical_variables_in_cardiovascular_and_gastrointestinal_health,5,4,org,26,0.11376148497220129,12,5,0.4,0.75,0.3333,0.6,0.75,0.6667,3.0,2.0,5,0.4,0.75,0.3333,0.4,0.5,0.4444,3.0,2.0,9.0
clinical_variables_in_cardiovascular_and_gastrointestinal_health,5,4,org,27,0.060623204917646945,10,4,0.5,0.5,0.3333,0.5,0.5,0.5,2.0,8.0,4,0.5,0.5,0.3333,0.5,0.5,0.5,2.0,8.0,8.0
clinical_variables_in_cardiovascular_and_gastrointestinal_health,5,4,org,28,0.0864858110435307,11,5,0.6,0.5,0.5,0.4,0.5,0.4444,3.0,8.0,5,0.6,0.5,0.5,0.4,0.5,0.4444,3.0,8.0,8.0
clinical_variables_in_cardiovascular_and_gastrointestinal_health,5,4,org,29,0.04589769500307739,9,4,0.5,0.5,0.3333,0.5,0.5,0.5,2.0,8.0,4,0.5,0.5,0.3333,0.5,0.5,0.5,2.0,8.0,8.0
clinical_variables_in_cardiovascular_and_gastrointestinal_health,5,4,org,30,0.08554027904756367,10,5,0.6,0.5,0.5,0.4,0.5,0.4444,3.0,8.0,5,0.4,0.75,0.3333,0.2,0.25,0.2222,4.0,4.0,13.0
clinical_variables_in_cardiovascular_and_gastrointestinal_health,5,4,org,31,0.12461327097844332,9,5,0.2,1.0,0.1667,0.8,1.0,0.8889,1.0,0.0,5,0.2,1.0,0.1667,0.6,0.75,0.6667,1.0,0.0,7.0
clinical_variables_in_cardiovascular_and_gastrointestinal_health,5,4,org,32,0.11376989097334445,12,5,0.6,0.5,0.5,0.4,0.5,0.4444,3.0,6.0,5,0.2,1.0,0.1667,0.2,0.25,0.2222,3.0,0.0,13.0
clinical_variables_in_cardiovascular_and_gastrointestinal_health,5,4,org,33,0.08813611697405577,11,4,0.5,0.5,0.3333,0.5,0.5,0.5,2.0,8.0,4,0.5,0.5,0.3333,0.5,0.5,0.5,2.0,8.0,8.0
clinical_variables_in_cardiovascular_and_gastrointestinal_health,5,4,org,34,0.10814756096806377,12,5,0.8,0.25,0.6667,0.2,0.25,0.2222,5.0,9.0,5,0.6,0.5,0.5,0.0,0.0,,5.0,4.0,14.0
clinical_variables_in_cardiovascular_and_gastrointestinal_health,5,4,org,35,0.026747694006189704,6,4,0.5,0.5,0.3333,0.5,0.5,0.5,2.0,8.0,4,0.5,0.5,0.3333,0.5,0.5,0.5,2.0,8.0,8.0
clinical_variables_in_cardiovascular_and_gastrointestinal_health,5,4,org,36,0.06565219804178923,8,4,0.5,0.5,0.3333,0.5,0.5,0.5,2.0,8.0,4,0.5,0.5,0.3333,0.5,0.5,0.5,2.0,8.0,8.0
clinical_variables_in_cardiovascular_and_gastrointestinal_health,5,4,org,37,0.08751189801841974,9,4,0.0,1.0,0.0,1.0,1.0,1.0,0.0,0.0,4,0.0,1.0,0.0,0.75,0.75,0.75,0.0,0.0,4.0
clinical_variables_in_cardiovascular_and_gastrointestinal_health,5,4,org,38,0.15459253708831966,12,4,0.25,0.75,0.1667,0.75,0.75,0.75,1.0,4.0,4,0.0,1.0,0.0,0.75,0.75,0.75,0.0,0.0,4.0
clinical_variables_in_cardiovascular_and_gastrointestinal_health,5,4,org,39,0.06188301299698651,9,4,0.5,0.5,0.3333,0.5,0.5,0.5,2.0,8.0,4,0.5,0.5,0.3333,0.5,0.5,0.5,2.0,8.0,8.0
clinical_variables_in_cardiovascular_and_gastrointestinal_health,5,4,org,40,0.13710315304342657,13,5,0.6,0.5,0.5,0.4,0.5,0.4444,3.0,8.0,5,0.4,0.75,0.3333,0.2,0.25,0.2222,4.0,4.0,13.0
clinical_variables_in_cardiovascular_and_gastrointestinal_health,5,4,org,41,0.11267805006355047,12,4,0.25,0.75,0.1667,0.75,0.75,0.75,1.0,4.0,4,0.0,1.0,0.0,0.75,0.75,0.75,0.0,0.0,4.0
clinical_variables_in_cardiovascular_and_gastrointestinal_health,5,4,org,42,0.0843862360343337,11,4,0.0,1.0,0.0,1.0,1.0,1.0,0.0,0.0,4,0.0,1.0,0.0,0.75,0.75,0.75,0.0,0.0,4.0
clinical_variables_in_cardiovascular_and_gastrointestinal_health,5,4,org,43,0.04727482597809285,8,4,0.5,0.5,0.3333,0.5,0.5,0.5,2.0,8.0,4,0.5,0.5,0.3333,0.5,0.5,0.5,2.0,8.0,8.0
clinical_variables_in_cardiovascular_and_gastrointestinal_health,5,4,org,44,0.040908645023591816,7,4,0.0,1.0,0.0,1.0,1.0,1.0,0.0,0.0,4,0.0,1.0,0.0,0.75,0.75,0.75,0.0,0.0,4.0
clinical_variables_in_cardiovascular_and_gastrointestinal_health,5,4,org,45,0.0839992850087583,5,4,0.0,1.0,0.0,1.0,1.0,1.0,0.0,0.0,4,0.0,1.0,0.0,0.75,0.75,0.75,0.0,0.0,4.0
clinical_variables_in_cardiovascular_and_gastrointestinal_health,5,4,org,46,0.06099233101122081,9,5,0.8,0.25,0.6667,0.2,0.25,0.2222,4.0,13.0,5,0.4,0.75,0.3333,0.2,0.25,0.2222,4.0,4.0,13.0
clinical_variables_in_cardiovascular_and_gastrointestinal_health,5,4,org,47,0.05714032496325672,6,4,0.25,0.75,0.1667,0.75,0.75,0.75,1.0,4.0,4,0.0,1.0,0.0,0.75,0.75,0.75,0.0,0.0,4.0
clinical_variables_in_cardiovascular_and_gastrointestinal_health,5,4,org,48,0.11355903407093138,13,5,0.8,0.25,0.6667,0.2,0.25,0.2222,4.0,13.0,5,0.4,0.75,0.3333,0.2,0.25,0.2222,4.0,4.0,13.0
clinical_variables_in_cardiovascular_and_gastrointestinal_health,5,4,org,49,0.11564923590049148,24,5,0.6,0.5,0.5,0.4,0.5,0.4444,3.0,9.0,5,0.4,0.75,0.3333,0.2,0.25,0.2222,4.0,4.0,13.0
clinical_variables_in_cardiovascular_and_gastrointestinal_health,5,4,new,0,0.09012302197515965,12,5,0.4,0.75,0.3333,0.6,0.75,0.6667,2.0,4.0,5,0.2,1.0,0.1667,0.8,1.0,0.8889,2.0,0.0,4.0
clinical_variables_in_cardiovascular_and_gastrointestinal_health,5,4,new,1,0.05757534992881119,7,4,0.25,0.75,0.1667,0.75,0.75,0.75,1.0,4.0,4,0.0,1.0,0.0,0.75,0.75,0.75,0.0,0.0,4.0
clinical_variables_in_cardiovascular_and_gastrointestinal_health,5,4,new,2,0.055584453977644444,8,4,0.5,0.5,0.3333,0.5,0.5,0.5,2.0,8.0,4,0.5,0.5,0.3333,0.5,0.5,0.5,2.0,8.0,8.0
clinical_variables_in_cardiovascular_and_gastrointestinal_health,5,4,new,3,0.12370499700773507,14,5,0.2,1.0,0.1667,0.8,1.0,0.8889,1.0,0.0,5,0.2,1.0,0.1667,0.6,0.75,0.6667,1.0,0.0,4.0
clinical_variables_in_cardiovascular_and_gastrointestinal_health,5,4,new,4,0.06922145106364042,10,4,0.5,0.5,0.3333,0.5,0.5,0.5,2.0,8.0,4,0.5,0.5,0.3333,0.5,0.5,0.5,2.0,8.0,8.0
clinical_variables_in_cardiovascular_and_gastrointestinal_health,5,4,new,5,0.08297074597794563,6,4,0.0,1.0,0.0,1.0,1.0,1.0,0.0,0.0,4,0.0,1.0,0.0,0.75,0.75,0.75,0.0,0.0,4.0
clinical_variables_in_cardiovascular_and_gastrointestinal_health,5,4,new,6,0.12362449103966355,14,4,0.5,0.5,0.3333,0.5,0.5,0.5,2.0,8.0,4,0.5,0.5,0.3333,0.5,0.5,0.5,2.0,8.0,8.0
clinical_variables_in_cardiovascular_and_gastrointestinal_health,5,4,new,7,0.06395046098623425,9,4,0.25,0.75,0.1667,0.75,0.75,0.75,1.0,4.0,4,0.0,1.0,0.0,0.75,0.75,0.75,0.0,0.0,4.0
clinical_variables_in_cardiovascular_and_gastrointestinal_health,5,4,new,8,0.06239633297082037,7,4,0.5,0.5,0.3333,0.5,0.5,0.5,2.0,8.0,4,0.5,0.5,0.3333,0.5,0.5,0.5,2.0,8.0,8.0
clinical_variables_in_cardiovascular_and_gastrointestinal_health,5,4,new,9,0.038759030983783305,6,4,0.25,0.75,0.1667,0.75,0.75,0.75,1.0,4.0,4,0.0,1.0,0.0,0.75,0.75,0.75,0.0,0.0,4.0
clinical_variables_in_cardiovascular_and_gastrointestinal_health,5,4,new,10,0.11559274990577251,14,4,0.5,0.5,0.3333,0.5,0.5,0.5,2.0,8.0,4,0.5,0.5,0.3333,0.5,0.5,0.5,2.0,8.0,8.0
clinical_variables_in_cardiovascular_and_gastrointestinal_health,5,4,new,11,0.04193389299325645,6,4,0.25,0.75,0.1667,0.75,0.75,0.75,1.0,4.0,4,0.0,1.0,0.0,0.75,0.75,0.75,0.0,0.0,4.0
clinical_variables_in_cardiovascular_and_gastrointestinal_health,5,4,new,12,0.07818021497223526,11,4,0.5,0.5,0.3333,0.5,0.5,0.5,2.0,8.0,4,0.5,0.5,0.3333,0.5,0.5,0.5,2.0,8.0,8.0
clinical_variables_in_cardiovascular_and_gastrointestinal_health,5,4,new,13,0.02584782592020929,6,4,0.5,0.5,0.3333,0.5,0.5,0.5,2.0,8.0,4,0.5,0.5,0.3333,0.5,0.5,0.5,2.0,8.0,8.0
clinical_variables_in_cardiovascular_and_gastrointestinal_health,5,4,new,14,0.09124196495395154,10,4,0.5,0.5,0.3333,0.5,0.5,0.5,2.0,8.0,4,0.5,0.5,0.3333,0.5,0.5,0.5,2.0,8.0,8.0
clinical_variables_in_cardiovascular_and_gastrointestinal_health,5,4,new,15,0.03891657292842865,7,4,0.0,1.0,0.0,1.0,1.0,1.0,0.0,0.0,4,0.0,1.0,0.0,0.75,0.75,0.75,0.0,0.0,4.0
clinical_variables_in_cardiovascular_and_gastrointestinal_health,5,4,new,16,0.07284316106233746,9,4,0.5,0.5,0.3333,0.5,0.5,0.5,2.0,8.0,4,0.5,0.5,0.3333,0.5,0.5,0.5,2.0,8.0,8.0
clinical_variables_in_cardiovascular_and_gastrointestinal_health,5,4,new,17,0.07570273906458169,12,4,0.5,0.5,0.3333,0.5,0.5,0.5,2.0,8.0,4,0.5,0.5,0.3333,0.5,0.5,0.5,2.0,8.0,8.0
clinical_variables_in_cardiovascular_and_gastrointestinal_health,5,4,new,18,0.06080207705963403,9,4,0.25,0.75,0.1667,0.75,0.75,0.75,1.0,4.0,4,0.0,1.0,0.0,0.75,0.75,0.75,0.0,0.0,4.0
clinical_variables_in_cardiovascular_and_gastrointestinal_health,5,4,new,19,0.08004187198821455,10,5,0.2,1.0,0.1667,0.8,1.0,0.8889,1.0,0.0,5,0.2,1.0,0.1667,0.8,1.0,0.8889,2.0,0.0,4.0
clinical_variables_in_cardiovascular_and_gastrointestinal_health,5,4,new,20,0.04415624402463436,9,4,0.5,0.5,0.3333,0.5,0.5,0.5,2.0,8.0,4,0.5,0.5,0.3333,0.5,0.5,0.5,2.0,8.0,8.0
clinical_variables_in_cardiovascular_and_gastrointestinal_health,5,4,new,21,0.0971549010137096,12,4,0.0,1.0,0.0,1.0,1.0,1.0,0.0,0.0,4,0.0,1.0,0.0,0.75,0.75,0.75,0.0,0.0,4.0
clinical_variables_in_cardiovascular_and_gastrointestinal_health,5,4,new,22,0.05980709393043071,9,4,0.0,1.0,0.0,1.0,1.0,1.0,0.0,0.0,4,0.0,1.0,0.0,0.75,0.75,0.75,0.0,0.0,4.0
clinical_variables_in_cardiovascular_and_gastrointestinal_health,5,4,new,23,0.06424299394711852,9,4,0.25,0.75,0.1667,0.75,0.75,0.75,1.0,4.0,4,0.0,1.0,0.0,0.75,0.75,0.75,0.0,0.0,4.0
clinical_variables_in_cardiovascular_and_gastrointestinal_health,5,4,new,24,0.15163594402838498,15,5,0.4,0.75,0.3333,0.6,0.75,0.6667,2.0,4.0,5,0.2,1.0,0.1667,0.8,1.0,0.8889,2.0,0.0,4.0
clinical_variables_in_cardiovascular_and_gastrointestinal_health,5,4,new,25,0.08928328193724155,9,4,0.5,0.5,0.3333,0.5,0.5,0.5,2.0,8.0,4,0.5,0.5,0.3333,0.5,0.5,0.5,2.0,8.0,8.0
clinical_variables_in_cardiovascular_and_gastrointestinal_health,5,4,new,26,0.10259740392211825,12,5,0.8,0.25,0.6667,0.2,0.25,0.2222,5.0,9.0,5,0.4,0.75,0.3333,0.4,0.5,0.4444,3.0,2.0,9.0
clinical_variables_in_cardiovascular_and_gastrointestinal_health,5,4,new,27,0.05737271800171584,10,4,0.5,0.5,0.3333,0.5,0.5,0.5,2.0,8.0,4,0.5,0.5,0.3333,0.5,0.5,0.5,2.0,8.0,8.0
clinical_variables_in_cardiovascular_and_gastrointestinal_health,5,4,new,28,0.08176226599607617,11,5,0.6,0.5,0.5,0.4,0.5,0.4444,3.0,8.0,5,0.6,0.5,0.5,0.4,0.5,0.4444,3.0,8.0,8.0
clinical_variables_in_cardiovascular_and_gastrointestinal_health,5,4,new,29,0.04302111198194325,9,4,0.5,0.5,0.3333,0.5,0.5,0.5,2.0,8.0,4,0.5,0.5,0.3333,0.5,0.5,0.5,2.0,8.0,8.0
clinical_variables_in_cardiovascular_and_gastrointestinal_health,5,4,new,30,0.14992992603220046,15,4,0.25,0.75,0.1667,0.75,0.75,0.75,1.0,4.0,4,0.0,1.0,0.0,0.75,0.75,0.75,0.0,0.0,4.0
clinical_variables_in_cardiovascular_and_gastrointestinal_health,5,4,new,31,0.123766386997886,9,5,0.6,0.5,0.5,0.4,0.5,0.4444,3.0,7.0,5,0.2,1.0,0.1667,0.6,0.75,0.6667,1.0,0.0,7.0
clinical_variables_in_cardiovascular_and_gastrointestinal_health,5,4,new,32,0.11621062702033669,12,4,0.0,1.0,0.0,1.0,1.0,1.0,0.0,0.0,4,0.0,1.0,0.0,0.75,0.75,0.75,0.0,0.0,4.0
clinical_variables_in_cardiovascular_and_gastrointestinal_health,5,4,new,33,0.09006444097030908,11,4,0.5,0.5,0.3333,0.5,0.5,0.5,2.0,8.0,4,0.5,0.5,0.3333,0.5,0.5,0.5,2.0,8.0,8.0
clinical_variables_in_cardiovascular_and_gastrointestinal_health,5,4,new,34,0.1240805450361222,13,4,0.25,0.75,0.1667,0.75,0.75,0.75,1.0,4.0,4,0.0,1.0,0.0,0.75,0.75,0.75,0.0,0.0,4.0
clinical_variables_in_cardiovascular_and_gastrointestinal_health,5,4,new,35,0.025033585960045457,6,4,0.5,0.5,0.3333,0.5,0.5,0.5,2.0,8.0,4,0.5,0.5,0.3333,0.5,0.5,0.5,2.0,8.0,8.0
clinical_variables_in_cardiovascular_and_gastrointestinal_health,5,4,new,36,0.06549269496463239,8,4,0.5,0.5,0.3333,0.5,0.5,0.5,2.0,8.0,4,0.5,0.5,0.3333,0.5,0.5,0.5,2.0,8.0,8.0
clinical_variables_in_cardiovascular_and_gastrointestinal_health,5,4,new,37,0.0859226129250601,9,4,0.0,1.0,0.0,1.0,1.0,1.0,0.0,0.0,4,0.0,1.0,0.0,0.75,0.75,0.75,0.0,0.0,4.0
clinical_variables_in_cardiovascular_and_gastrointestinal_health,5,4,new,38,0.1334664321038872,12,4,0.0,1.0,0.0,1.0,1.0,1.0,0.0,0.0,4,0.0,1.0,0.0,0.75,0.75,0.75,0.0,0.0,4.0
clinical_variables_in_cardiovascular_and_gastrointestinal_health,5,4,new,39,0.0639509370084852,9,4,0.5,0.5,0.3333,0.5,0.5,0.5,2.0,8.0,4,0.5,0.5,0.3333,0.5,0.5,0.5,2.0,8.0,8.0
clinical_variables_in_cardiovascular_and_gastrointestinal_health,5,4,new,40,0.15890676598064601,15,5,0.4,0.75,0.3333,0.6,0.75,0.6667,2.0,4.0,5,0.2,1.0,0.1667,0.8,1.0,0.8889,2.0,0.0,4.0
clinical_variables_in_cardiovascular_and_gastrointestinal_health,5,4,new,41,0.11006542399991304,12,4,0.25,0.75,0.1667,0.75,0.75,0.75,1.0,4.0,4,0.0,1.0,0.0,0.75,0.75,0.75,0.0,0.0,4.0
clinical_variables_in_cardiovascular_and_gastrointestinal_health,5,4,new,42,0.08798540593124926,11,4,0.0,1.0,0.0,1.0,1.0,1.0,0.0,0.0,4,0.0,1.0,0.0,0.75,0.75,0.75,0.0,0.0,4.0
clinical_variables_in_cardiovascular_and_gastrointestinal_health,5,4,new,43,0.043162266025319695,8,4,0.5,0.5,0.3333,0.5,0.5,0.5,2.0,8.0,4,0.5,0.5,0.3333,0.5,0.5,0.5,2.0,8.0,8.0
clinical_variables_in_cardiovascular_and_gastrointestinal_health,5,4,new,44,0.041792328003793955,7,4,0.0,1.0,0.0,1.0,1.0,1.0,0.0,0.0,4,0.0,1.0,0.0,0.75,0.75,0.75,0.0,0.0,4.0
clinical_variables_in_cardiovascular_and_gastrointestinal_health,5,4,new,45,0.07396619103383273,5,4,0.25,0.75,0.1667,0.75,0.75,0.75,1.0,4.0,4,0.0,1.0,0.0,0.75,0.75,0.75,0.0,0.0,4.0
clinical_variables_in_cardiovascular_and_gastrointestinal_health,5,4,new,46,0.15511095197871327,15,4,0.25,0.75,0.1667,0.75,0.75,0.75,1.0,4.0,4,0.0,1.0,0.0,0.75,0.75,0.75,0.0,0.0,4.0
clinical_variables_in_cardiovascular_and_gastrointestinal_health,5,4,new,47,0.06260551698505878,6,4,0.25,0.75,0.1667,0.75,0.75,0.75,1.0,4.0,4,0.0,1.0,0.0,0.75,0.75,0.75,0.0,0.0,4.0
clinical_variables_in_cardiovascular_and_gastrointestinal_health,5,4,new,48,0.13898422301281244,14,5,0.4,0.75,0.3333,0.6,0.75,0.6667,2.0,4.0,5,0.2,1.0,0.1667,0.8,1.0,0.8889,2.0,0.0,4.0
clinical_variables_in_cardiovascular_and_gastrointestinal_health,5,4,new,49,0.12465398001950234,28,4,0.25,0.75,0.1667,0.75,0.75,0.75,1.0,4.0,4,0.0,1.0,0.0,0.75,0.75,0.75,0.0,0.0,4.0
clinical_pathways_in_cardiac_and_abdominal_health,7,7,org,0,3.656688187038526,28,7,0.2857,0.7143,0.1429,0.7143,0.7143,0.7143,3.0,12.0,7,0.2857,0.7143,0.1429,0.5714,0.5714,0.5714,6.0,12.0,26.0
clinical_pathways_in_cardiac_and_abdominal_health,7,7,org,1,1.9598994349362329,24,8,0.75,0.2857,0.4286,0.25,0.2857,0.2667,7.0,29.0,8,0.625,0.4286,0.3571,0.25,0.2857,0.2667,6.0,25.0,35.0
clinical_pathways_in_cardiac_and_abdominal_health,7,7,org,2,2.3678040229715407,29,6,0.6667,0.2857,0.2857,0.3333,0.2857,0.3077,5.0,33.0,6,0.1667,0.7143,0.0714,0.6667,0.5714,0.6154,4.0,12.0,33.0
clinical_pathways_in_cardiac_and_abdominal_health,7,7,org,3,2.2268251340137795,32,7,0.4286,0.5714,0.2143,0.5714,0.5714,0.5714,4.0,18.0,7,0.4286,0.5714,0.2143,0.4286,0.4286,0.4286,4.0,18.0,39.0
clinical_pathways_in_cardiac_and_abdominal_health,7,7,org,4,2.639825330930762,28,6,0.8333,0.1429,0.3571,0.1667,0.1429,0.1538,6.0,35.0,6,0.3333,0.5714,0.1429,0.3333,0.2857,0.3077,3.0,17.0,35.0
clinical_pathways_in_cardiac_and_abdominal_health,7,7,org,5,1.0628509150119498,26,7,0.5714,0.4286,0.2857,0.4286,0.4286,0.4286,5.0,29.0,7,0.4286,0.5714,0.2143,0.4286,0.4286,0.4286,6.0,22.0,36.0
clinical_pathways_in_cardiac_and_abdominal_health,7,7,org,6,4.400944084045477,30,8,0.625,0.4286,0.3571,0.375,0.4286,0.4,7.0,20.0,8,0.375,0.7143,0.2143,0.5,0.5714,0.5333,5.0,6.0,30.0
clinical_pathways_in_cardiac_and_abdominal_health,7,7,org,7,3.479333969997242,37,7,0.2857,0.7143,0.1429,0.7143,0.7143,0.7143,3.0,10.0,7,0.2857,0.7143,0.1429,0.5714,0.5714,0.5714,4.0,10.0,31.0
clinical_pathways_in_cardiac_and_abdominal_health,7,7,org,8,1.4061334630241618,21,7,0.4286,0.5714,0.2143,0.5714,0.5714,0.5714,4.0,19.0,7,0.4286,0.5714,0.2143,0.4286,0.4286,0.4286,5.0,19.0,41.0
clinical_pathways_in_cardiac_and_abdominal_health,7,7,org,9,5.118958885082975,30,7,0.4286,0.5714,0.2143,0.5714,0.5714,0.5714,4.0,17.0,7,0.1429,0.8571,0.0714,0.7143,0.7143,0.7143,3.0,3.0,24.0
clinical_pathways_in_cardiac_and_abdominal_health,7,7,org,10,4.549824084038846,54,7,0.8571,0.1429,0.4286,0.1429,0.1429,0.1429,7.0,39.0,7,0.4286,0.5714,0.2143,0.4286,0.4286,0.4286,4.0,18.0,39.0
clinical_pathways_in_cardiac_and_abdominal_health,7,7,org,11,2.912502030027099,28,8,0.5,0.5714,0.2857,0.5,0.5714,0.5333,5.0,22.0,8,0.25,0.8571,0.1429,0.5,0.5714,0.5333,6.0,7.0,29.0
clinical_pathways_in_cardiac_and_abdominal_health,7,7,org,12,0.44726114301010966,19,7,1.0,0.0,0.5,0.0,0.0,,9.0,41.0,7,0.8571,0.1429,0.4286,0.0,0.0,,8.0,38.0,41.0
clinical_pathways_in_cardiac_and_abdominal_health,7,7,org,13,1.0905004229862243,26,6,0.5,0.4286,0.2143,0.5,0.4286,0.4615,4.0,21.0,6,0.1667,0.7143,0.0714,0.6667,0.5714,0.6154,4.0,12.0,33.0
clinical_pathways_in_cardiac_and_abdominal_health,7,7,org,14,3.847681599901989,28,6,0.3333,0.5714,0.1429,0.6667,0.5714,0.6154,3.0,19.0,6,0.0,0.8571,0.0,0.6667,0.5714,0.6154,2.0,4.0,33.0
clinical_pathways_in_cardiac_and_abdominal_health,7,7,org,15,2.0674602040089667,25,6,0.3333,0.5714,0.1429,0.6667,0.5714,0.6154,3.0,19.0,6,0.3333,0.5714,0.1429,0.5,0.4286,0.4615,4.0,19.0,40.0
clinical_pathways_in_cardiac_and_abdominal_health,7,7,org,16,2.5880165729904547,37,6,0.6667,0.2857,0.2857,0.3333,0.2857,0.3077,5.0,28.0,6,0.5,0.4286,0.2143,0.3333,0.2857,0.3077,5.0,25.0,35.0
clinical_pathways_in_cardiac_and_abdominal_health,7,7,org,17,1.7622458200203255,25,7,1.0,0.0,0.5,0.0,0.0,,8.0,42.0,7,0.8571,0.1429,0.4286,0.0,0.0,,7.0,39.0,42.0
clinical_pathways_in_cardiac_and_abdominal_health,7,7,org,18,0.808949104975909,22,7,0.4286,0.5714,0.2143,0.5714,0.5714,0.5714,4.0,19.0,7,0.4286,0.5714,0.2143,0.4286,0.4286,0.4286,5.0,19.0,40.0
clinical_pathways_in_cardiac_and_abdominal_health,7,7,org,19,2.323442433960736,55,8,0.625,0.4286,0.3571,0.375,0.4286,0.4,6.0,18.0,8,0.625,0.4286,0.3571,0.25,0.2857,0.2667,6.0,18.0,39.0
clinical_pathways_in_cardiac_and_abdominal_health,7,7,org,20,1.7558053398970515,26,6,0.6667,0.2857,0.2857,0.3333,0.2857,0.3077,5.0,28.0,6,0.5,0.4286,0.2143,0.3333,0.2857,0.3077,5.0,25.0,35.0
clinical_pathways_in_cardiac_and_abdominal_health,7,7,org,21,4.561552935978398,30,6,0.6667,0.2857,0.2857,0.3333,0.2857,0.3077,5.0,33.0,6,0.1667,0.7143,0.0714,0.6667,0.5714,0.6154,4.0,12.0,33.0
clinical_pathways_in_cardiac_and_abdominal_health,7,7,org,22,2.6268681680085137,27,6,0.1667,0.7143,0.0714,0.8333,0.7143,0.7692,2.0,11.0,6,0.0,0.8571,0.0,0.6667,0.5714,0.6154,2.0,4.0,33.0
clinical_pathways_in_cardiac_and_abdominal_health,7,7,org,23,1.5957734499825165,21,6,0.5,0.4286,0.2143,0.5,0.4286,0.4615,4.0,26.0,6,0.1667,0.7143,0.0714,0.6667,0.5714,0.6154,4.0,12.0,33.0
clinical_pathways_in_cardiac_and_abdominal_health,7,7,org,24,4.635409222100861,27,6,0.1667,0.7143,0.0714,0.8333,0.7143,0.7692,2.0,12.0,6,0.1667,0.7143,0.0714,0.6667,0.5714,0.6154,4.0,12.0,33.0
clinical_pathways_in_cardiac_and_abdominal_health,7,7,org,25,1.2123815369559452,21,7,0.7143,0.2857,0.3571,0.2857,0.2857,0.2857,6.0,30.0,7,0.5714,0.4286,0.2857,0.2857,0.2857,0.2857,6.0,26.0,41.0
clinical_pathways_in_cardiac_and_abdominal_health,7,7,org,26,1.784097961965017,24,8,0.625,0.4286,0.3571,0.375,0.4286,0.4,5.0,29.0,8,0.375,0.7143,0.2143,0.5,0.5714,0.5333,3.0,15.0,36.0
clinical_pathways_in_cardiac_and_abdominal_health,7,7,org,27,0.7843523850897327,20,6,0.5,0.4286,0.2143,0.5,0.4286,0.4615,4.0,21.0,6,0.1667,0.7143,0.0714,0.6667,0.5714,0.6154,4.0,12.0,33.0
clinical_pathways_in_cardiac_and_abdominal_health,7,7,org,28,3.030449250014499,27,6,0.6667,0.2857,0.2857,0.3333,0.2857,0.3077,5.0,28.0,6,0.1667,0.7143,0.0714,0.6667,0.5714,0.6154,4.0,12.0,33.0
clinical_pathways_in_cardiac_and_abdominal_health,7,7,org,29,2.9234635670436546,47,6,0.1667,0.7143,0.0714,0.8333,0.7143,0.7692,2.0,12.0,6,0.1667,0.7143,0.0714,0.6667,0.5714,0.6154,4.0,12.0,33.0
clinical_pathways_in_cardiac_and_abdominal_health,7,7,org,30,3.129851024947129,25,7,0.5714,0.4286,0.2857,0.4286,0.4286,0.4286,5.0,26.0,7,0.2857,0.7143,0.1429,0.5714,0.5714,0.5714,5.0,12.0,33.0
clinical_pathways_in_cardiac_and_abdominal_health,7,7,org,31,1.5935169869335368,24,8,0.5,0.5714,0.2857,0.5,0.5714,0.5333,5.0,22.0,8,0.375,0.7143,0.2143,0.625,0.7143,0.6667,6.0,15.0,29.0
clinical_pathways_in_cardiac_and_abdominal_health,7,7,org,32,6.9782599449390545,35,6,0.5,0.4286,0.2143,0.5,0.4286,0.4615,4.0,26.0,6,0.3333,0.5714,0.1429,0.5,0.4286,0.4615,4.0,19.0,40.0
clinical_pathways_in_cardiac_and_abdominal_health,7,7,org,33,1.6045331290224567,25,7,1.0,0.0,0.5,0.0,0.0,,8.0,41.0,7,0.8571,0.1429,0.4286,0.0,0.0,,7.0,38.0,41.0
clinical_pathways_in_cardiac_and_abdominal_health,7,7,org,34,0.8322184659773484,27,6,0.6667,0.2857,0.2857,0.3333,0.2857,0.3077,5.0,33.0,6,0.3333,0.5714,0.1429,0.5,0.4286,0.4615,4.0,19.0,40.0
clinical_pathways_in_cardiac_and_abdominal_health,7,7,org,35,1.6066860590362921,25,6,0.8333,0.1429,0.3571,0.1667,0.1429,0.1538,6.0,40.0,6,0.3333,0.5714,0.1429,0.5,0.4286,0.4615,4.0,19.0,40.0
clinical_pathways_in_cardiac_and_abdominal_health,7,7,org,36,3.2124078610213473,56,9,0.8889,0.1429,0.5714,0.1111,0.1429,0.125,10.0,38.0,9,0.6667,0.4286,0.4286,0.2222,0.2857,0.25,8.0,24.0,38.0
clinical_pathways_in_cardiac_and_abdominal_health,7,7,org,37,0.7885774609167129,19,6,0.1667,0.7143,0.0714,0.8333,0.7143,0.7692,2.0,12.0,6,0.1667,0.7143,0.0714,0.6667,0.5714,0.6154,4.0,12.0,33.0
clinical_pathways_in_cardiac_and_abdominal_health,7,7,org,38,2.9241246429737657,31,7,0.7143,0.2857,0.3571,0.2857,0.2857,0.2857,6.0,28.0,7,0.5714,0.4286,0.2857,0.2857,0.2857,0.2857,6.0,25.0,35.0
clinical_pathways_in_cardiac_and_abdominal_health,7,7,org,39,2.0333885280415416,26,8,0.25,0.8571,0.1429,0.75,0.8571,0.8,2.0,8.0,8,0.125,1.0,0.0714,0.625,0.7143,0.6667,1.0,0.0,29.0
clinical_pathways_in_cardiac_and_abdominal_health,7,7,org,40,2.013880398008041,24,6,0.6667,0.2857,0.2857,0.3333,0.2857,0.3077,5.0,33.0,6,0.1667,0.7143,0.0714,0.6667,0.5714,0.6154,4.0,12.0,33.0
clinical_pathways_in_cardiac_and_abdominal_health,7,7,org,41,4.033730085007846,34,8,0.625,0.4286,0.3571,0.375,0.4286,0.4,6.0,28.0,8,0.25,0.8571,0.1429,0.5,0.5714,0.5333,5.0,7.0,35.0
clinical_pathways_in_cardiac_and_abdominal_health,7,7,org,42,5.918743337970227,56,7,0.5714,0.4286,0.2857,0.4286,0.4286,0.4286,4.0,26.0,7,0.4286,0.5714,0.2143,0.4286,0.4286,0.4286,4.0,19.0,40.0
clinical_pathways_in_cardiac_and_abdominal_health,7,7,org,43,0.6589095810195431,26,6,0.8333,0.1429,0.3571,0.1667,0.1429,0.1538,6.0,35.0,6,0.3333,0.5714,0.1429,0.5,0.4286,0.4615,4.0,19.0,40.0
clinical_pathways_in_cardiac_and_abdominal_health,7,7,org,44,1.8576462590135634,28,6,1.0,0.0,0.4286,0.0,0.0,,7.0,42.0,6,0.6667,0.2857,0.2857,0.1667,0.1429,0.1538,5.0,32.0,42.0
clinical_pathways_in_cardiac_and_abdominal_health,7,7,org,45,1.9859240910736844,20,6,0.3333,0.5714,0.1429,0.6667,0.5714,0.6154,3.0,19.0,6,0.1667,0.7143,0.0714,0.6667,0.5714,0.6154,4.0,12.0,33.0
clinical_pathways_in_cardiac_and_abdominal_health,7,7,org,46,5.188890198012814,42,7,0.8571,0.1429,0.4286,0.1429,0.1429,0.1429,7.0,35.0,7,0.5714,0.4286,0.2857,0.2857,0.2857,0.2857,5.0,25.0,42.0
clinical_pathways_in_cardiac_and_abdominal_health,7,7,org,47,4.1220130330184475,54,7,0.8571,0.1429,0.4286,0.1429,0.1429,0.1429,7.0,35.0,7,0.4286,0.5714,0.2143,0.4286,0.4286,0.4286,5.0,19.0,41.0
clinical_pathways_in_cardiac_and_abdominal_health,7,7,org,48,0.9141956469975412,26,6,0.6667,0.2857,0.2857,0.3333,0.2857,0.3077,5.0,28.0,6,0.5,0.4286,0.2143,0.3333,0.2857,0.3077,5.0,25.0,35.0
clinical_pathways_in_cardiac_and_abdominal_health,7,7,org,49,3.521362020052038,50,7,0.4286,0.5714,0.2143,0.5714,0.5714,0.5714,3.0,22.0,7,0.1429,0.8571,0.0714,0.7143,0.7143,0.7143,2.0,8.0,29.0
clinical_pathways_in_cardiac_and_abdominal_health,7,7,new,0,1.8212206680327654,28,6,0.6667,0.2857,0.2857,0.3333,0.2857,0.3077,5.0,28.0,6,0.1667,0.7143,0.0714,0.6667,0.5714,0.6154,4.0,12.0,33.0
clinical_pathways_in_cardiac_and_abdominal_health,7,7,new,1,1.826446701074019,30,8,0.5,0.5714,0.2857,0.5,0.5714,0.5333,5.0,17.0,8,0.25,0.8571,0.1429,0.5,0.5714,0.5333,4.0,4.0,40.0
clinical_pathways_in_cardiac_and_abdominal_health,7,7,new,2,1.7067251789849252,29,6,0.5,0.4286,0.2143,0.5,0.4286,0.4615,4.0,26.0,6,0.1667,0.7143,0.0714,0.6667,0.5714,0.6154,4.0,12.0,33.0
clinical_pathways_in_cardiac_and_abdominal_health,7,7,new,3,1.1867614520015195,32,7,0.7143,0.2857,0.3571,0.2857,0.2857,0.2857,6.0,32.0,7,0.4286,0.5714,0.2143,0.4286,0.4286,0.4286,4.0,18.0,39.0
clinical_pathways_in_cardiac_and_abdominal_health,7,7,new,4,1.2638787529431283,28,6,0.8333,0.1429,0.3571,0.1667,0.1429,0.1538,6.0,35.0,6,0.3333,0.5714,0.1429,0.3333,0.2857,0.3077,3.0,17.0,35.0
clinical_pathways_in_cardiac_and_abdominal_health,7,7,new,5,1.2290000299690291,30,6,0.3333,0.5714,0.1429,0.6667,0.5714,0.6154,3.0,19.0,6,0.3333,0.5714,0.1429,0.5,0.4286,0.4615,4.0,19.0,40.0
clinical_pathways_in_cardiac_and_abdominal_health,7,7,new,6,3.005809467053041,36,9,0.5556,0.5714,0.3571,0.4444,0.5714,0.5,5.0,22.0,9,0.4444,0.7143,0.2857,0.4444,0.5714,0.5,4.0,15.0,36.0
clinical_pathways_in_cardiac_and_abdominal_health,7,7,new,7,1.3238468709168956,37,7,0.4286,0.5714,0.2143,0.5714,0.5714,0.5714,4.0,17.0,7,0.2857,0.7143,0.1429,0.5714,0.5714,0.5714,4.0,10.0,31.0
clinical_pathways_in_cardiac_and_abdominal_health,7,7,new,8,1.0552948690019548,21,6,0.8333,0.1429,0.3571,0.1667,0.1429,0.1538,6.0,35.0,6,0.3333,0.5714,0.1429,0.5,0.4286,0.4615,4.0,19.0,40.0
clinical_pathways_in_cardiac_and_abdominal_health,7,7,new,9,2.2969246979337186,30,6,0.0,0.8571,0.0,1.0,0.8571,0.9231,1.0,3.0,6,0.0,0.8571,0.0,0.8333,0.7143,0.7692,1.0,3.0,31.0
clinical_pathways_in_cardiac_and_abdominal_health,7,7,new,10,2.97885930899065,54,7,0.4286,0.5714,0.2143,0.5714,0.5714,0.5714,4.0,18.0,7,0.4286,0.5714,0.2143,0.4286,0.4286,0.4286,4.0,18.0,39.0
clinical_pathways_in_cardiac_and_abdominal_health,7,7,new,11,1.9357140549691394,29,6,0.3333,0.5714,0.1429,0.6667,0.5714,0.6154,3.0,19.0,6,0.3333,0.5714,0.1429,0.5,0.4286,0.4615,4.0,19.0,40.0
clinical_pathways_in_cardiac_and_abdominal_health,7,7,new,12,0.4077745289541781,20,6,1.0,0.0,0.4286,0.0,0.0,,7.0,42.0,6,0.6667,0.2857,0.2857,0.1667,0.1429,0.1538,5.0,32.0,42.0
clinical_pathways_in_cardiac_and_abdominal_health,7,7,new,13,0.6910797640448436,26,6,0.3333,0.5714,0.1429,0.6667,0.5714,0.6154,3.0,19.0,6,0.1667,0.7143,0.0714,0.6667,0.5714,0.6154,4.0,12.0,33.0
clinical_pathways_in_cardiac_and_abdominal_health,7,7,new,14,2.1091501660412177,28,8,0.75,0.2857,0.4286,0.25,0.2857,0.2667,7.0,28.0,8,0.25,0.8571,0.1429,0.5,0.5714,0.5333,4.0,8.0,33.0
clinical_pathways_in_cardiac_and_abdominal_health,7,7,new,15,1.496407255064696,25,6,0.6667,0.2857,0.2857,0.3333,0.2857,0.3077,5.0,33.0,6,0.3333,0.5714,0.1429,0.5,0.4286,0.4615,4.0,19.0,40.0
clinical_pathways_in_cardiac_and_abdominal_health,7,7,new,16,1.5670416299253702,37,6,0.6667,0.2857,0.2857,0.3333,0.2857,0.3077,5.0,28.0,6,0.5,0.4286,0.2143,0.3333,0.2857,0.3077,5.0,25.0,35.0
clinical_pathways_in_cardiac_and_abdominal_health,7,7,new,17,0.9530202490277588,25,7,1.0,0.0,0.5,0.0,0.0,,8.0,42.0,7,0.8571,0.1429,0.4286,0.0,0.0,,7.0,39.0,42.0
clinical_pathways_in_cardiac_and_abdominal_health,7,7,new,18,0.569418860017322,22,6,0.3333,0.5714,0.1429,0.6667,0.5714,0.6154,3.0,19.0,6,0.3333,0.5714,0.1429,0.5,0.4286,0.4615,4.0,19.0,40.0
clinical_pathways_in_cardiac_and_abdominal_health,7,7,new,19,1.8526703249663115,57,7,1.0,0.0,0.5,0.0,0.0,,7.0,42.0,7,0.7143,0.2857,0.3571,0.1429,0.1429,0.1429,5.0,32.0,42.0
clinical_pathways_in_cardiac_and_abdominal_health,7,7,new,20,0.8457174280192703,26,6,0.6667,0.2857,0.2857,0.3333,0.2857,0.3077,5.0,28.0,6,0.5,0.4286,0.2143,0.3333,0.2857,0.3077,5.0,25.0,35.0
clinical_pathways_in_cardiac_and_abdominal_health,7,7,new,21,1.5489096959354356,30,6,0.6667,0.2857,0.2857,0.3333,0.2857,0.3077,5.0,28.0,6,0.0,0.8571,0.0,0.6667,0.5714,0.6154,2.0,4.0,33.0
clinical_pathways_in_cardiac_and_abdominal_health,7,7,new,22,1.4316770089790225,27,6,0.6667,0.2857,0.2857,0.3333,0.2857,0.3077,5.0,28.0,6,0.0,0.8571,0.0,0.6667,0.5714,0.6154,2.0,4.0,33.0
clinical_pathways_in_cardiac_and_abdominal_health,7,7,new,23,1.4989469810388982,21,6,0.5,0.4286,0.2143,0.5,0.4286,0.4615,4.0,21.0,6,0.1667,0.7143,0.0714,0.6667,0.5714,0.6154,4.0,12.0,33.0
clinical_pathways_in_cardiac_and_abdominal_health,7,7,new,24,2.0049452011007816,27,7,0.4286,0.5714,0.2143,0.5714,0.5714,0.5714,4.0,17.0,7,0.2857,0.7143,0.1429,0.5714,0.5714,0.5714,3.0,10.0,31.0
clinical_pathways_in_cardiac_and_abdominal_health,7,7,new,25,0.7496232269331813,22,6,0.3333,0.5714,0.1429,0.6667,0.5714,0.6154,3.0,19.0,6,0.3333,0.5714,0.1429,0.5,0.4286,0.4615,4.0,19.0,40.0
clinical_pathways_in_cardiac_and_abdominal_health,7,7,new,26,1.0654699419392273,24,7,0.7143,0.2857,0.3571,0.2857,0.2857,0.2857,6.0,31.0,7,0.4286,0.5714,0.2143,0.4286,0.4286,0.4286,4.0,17.0,38.0
clinical_pathways_in_cardiac_and_abdominal_health,7,7,new,27,0.573503780993633,20,6,0.5,0.4286,0.2143,0.5,0.4286,0.4615,4.0,26.0,6,0.1667,0.7143,0.0714,0.6667,0.5714,0.6154,4.0,12.0,33.0
clinical_pathways_in_cardiac_and_abdominal_health,7,7,new,28,1.1566885659703985,27,6,0.3333,0.5714,0.1429,0.6667,0.5714,0.6154,3.0,19.0,6,0.1667,0.7143,0.0714,0.6667,0.5714,0.6154,4.0,12.0,33.0
clinical_pathways_in_cardiac_and_abdominal_health,7,7,new,29,1.5899922610260546,47,6,0.6667,0.2857,0.2857,0.3333,0.2857,0.3077,5.0,28.0,6,0.1667,0.7143,0.0714,0.6667,0.5714,0.6154,4.0,12.0,33.0
clinical_pathways_in_cardiac_and_abdominal_health,7,7,new,30,1.2880327330203727,25,6,0.5,0.4286,0.2143,0.5,0.4286,0.4615,4.0,21.0,6,0.1667,0.7143,0.0714,0.6667,0.5714,0.6154,4.0,12.0,33.0
clinical_pathways_in_cardiac_and_abdominal_health,7,7,new,31,1.147992686019279,24,9,0.3333,0.8571,0.2143,0.6667,0.8571,0.75,3.0,12.0,9,0.3333,0.8571,0.2143,0.5556,0.7143,0.625,4.0,8.0,33.0
clinical_pathways_in_cardiac_and_abdominal_health,7,7,new,32,2.808459946885705,35,8,0.5,0.5714,0.2857,0.5,0.5714,0.5333,4.0,28.0,8,0.375,0.7143,0.2143,0.5,0.5714,0.5333,6.0,18.0,38.0
clinical_pathways_in_cardiac_and_abdominal_health,7,7,new,33,1.0052922579925507,25,7,1.0,0.0,0.5,0.0,0.0,,8.0,41.0,7,0.8571,0.1429,0.4286,0.0,0.0,,7.0,38.0,41.0
clinical_pathways_in_cardiac_and_abdominal_health,7,7,new,34,0.5748355829855427,27,6,1.0,0.0,0.4286,0.0,0.0,,7.0,42.0,6,0.6667,0.2857,0.2857,0.1667,0.1429,0.1538,5.0,32.0,42.0
clinical_pathways_in_cardiac_and_abdominal_health,7,7,new,35,1.0345013519981876,25,6,0.8333,0.1429,0.3571,0.1667,0.1429,0.1538,6.0,35.0,6,0.3333,0.5714,0.1429,0.5,0.4286,0.4615,4.0,19.0,40.0
clinical_pathways_in_cardiac_and_abdominal_health,7,7,new,36,3.0853732679970562,61,8,0.375,0.7143,0.2143,0.625,0.7143,0.6667,3.0,15.0,8,0.25,0.8571,0.1429,0.625,0.7143,0.6667,3.0,8.0,29.0
clinical_pathways_in_cardiac_and_abdominal_health,7,7,new,37,0.5883972169831395,19,6,0.6667,0.2857,0.2857,0.3333,0.2857,0.3077,5.0,28.0,6,0.5,0.4286,0.2143,0.3333,0.2857,0.3077,5.0,25.0,35.0
clinical_pathways_in_cardiac_and_abdominal_health,7,7,new,38,1.3653815189609304,31,6,0.5,0.4286,0.2143,0.5,0.4286,0.4615,4.0,26.0,6,0.1667,0.7143,0.0714,0.6667,0.5714,0.6154,4.0,12.0,33.0
clinical_pathways_in_cardiac_and_abdominal_health,7,7,new,39,1.1237193389097229,26,7,0.1429,0.8571,0.0714,0.8571,0.8571,0.8571,1.0,8.0,7,0.0,1.0,0.0,0.7143,0.7143,0.7143,0.0,0.0,29.0
clinical_pathways_in_cardiac_and_abdominal_health,7,7,new,40,1.1734248030697927,24,7,0.4286,0.5714,0.2143,0.5714,0.5714,0.5714,4.0,17.0,7,0.2857,0.7143,0.1429,0.5714,0.5714,0.5714,4.0,10.0,31.0
clinical_pathways_in_cardiac_and_abdominal_health,7,7,new,41,2.3951328030088916,35,7,0.2857,0.7143,0.1429,0.7143,0.7143,0.7143,3.0,12.0,7,0.1429,0.8571,0.0714,0.5714,0.5714,0.5714,3.0,4.0,36.0
clinical_pathways_in_cardiac_and_abdominal_health,7,7,new,42,2.248321073013358,56,7,0.8571,0.1429,0.4286,0.1429,0.1429,0.1429,6.0,35.0,7,0.4286,0.5714,0.2143,0.4286,0.4286,0.4286,4.0,19.0,40.0
clinical_pathways_in_cardiac_and_abdominal_health,7,7,new,43,0.4765528959687799,26,6,0.3333,0.5714,0.1429,0.6667,0.5714,0.6154,3.0,19.0,6,0.3333,0.5714,0.1429,0.5,0.4286,0.4615,4.0,19.0,40.0
clinical_pathways_in_cardiac_and_abdominal_health,7,7,new,44,1.3994125530589372,28,6,1.0,0.0,0.4286,0.0,0.0,,7.0,42.0,6,0.6667,0.2857,0.2857,0.1667,0.1429,0.1538,5.0,32.0,42.0
clinical_pathways_in_cardiac_and_abdominal_health,7,7,new,45,1.292751122964546,20,6,0.3333,0.5714,0.1429,0.6667,0.5714,0.6154,3.0,19.0,6,0.1667,0.7143,0.0714,0.6667,0.5714,0.6154,4.0,12.0,33.0
clinical_pathways_in_cardiac_and_abdominal_health,7,7,new,46,2.9471069130813703,42,7,0.5714,0.4286,0.2857,0.4286,0.4286,0.4286,5.0,27.0,7,0.1429,0.8571,0.0714,0.5714,0.5714,0.5714,3.0,3.0,33.0
clinical_pathways_in_cardiac_and_abdominal_health,7,7,new,47,1.8266774789663032,54,6,0.3333,0.5714,0.1429,0.6667,0.5714,0.6154,3.0,19.0,6,0.3333,0.5714,0.1429,0.5,0.4286,0.4615,4.0,19.0,40.0
clinical_pathways_in_cardiac_and_abdominal_health,7,7,new,48,0.5744270560098812,26,6,0.6667,0.2857,0.2857,0.3333,0.2857,0.3077,5.0,28.0,6,0.5,0.4286,0.2143,0.3333,0.2857,0.3077,5.0,25.0,35.0
clinical_pathways_in_cardiac_and_abdominal_health,7,7,new,49,1.8357028880855069,50,7,0.1429,0.8571,0.0714,0.8571,0.8571,0.8571,1.0,8.0,7,0.1429,0.8571,0.0714,0.7143,0.7143,0.7143,2.0,8.0,29.0
medical_conditions_and_outcomes,8,7,org,0,0.10156278091017157,2,6,0.3333,0.5714,0.0952,0.6667,0.5714,0.6154,3.0,12.0,6,0.0,0.8571,0.0,0.8333,0.7143,0.7692,1.0,4.0,22.0
medical_conditions_and_outcomes,8,7,org,1,0.03203143901191652,0,6,0.5,0.4286,0.1429,0.5,0.4286,0.4615,4.0,17.0,6,0.0,0.8571,0.0,0.8333,0.7143,0.7692,1.0,4.0,22.0
medical_conditions_and_outcomes,8,7,org,2,24.44113806192763,23,7,0.5714,0.4286,0.1905,0.4286,0.4286,0.4286,5.0,16.0,7,0.2857,0.7143,0.0952,0.7143,0.7143,0.7143,3.0,9.0,21.0
medical_conditions_and_outcomes,8,7,org,3,0.10190984699875116,2,6,0.5,0.4286,0.1429,0.5,0.4286,0.4615,4.0,17.0,6,0.0,0.8571,0.0,0.8333,0.7143,0.7692,1.0,4.0,22.0
medical_conditions_and_outcomes,8,7,org,4,0.14862259500660002,3,6,0.1667,0.7143,0.0476,0.8333,0.7143,0.7692,2.0,7.0,6,0.0,0.8571,0.0,0.8333,0.7143,0.7692,1.0,4.0,22.0
medical_conditions_and_outcomes,8,7,org,5,0.06484916899353266,2,6,0.5,0.4286,0.1429,0.5,0.4286,0.4615,4.0,17.0,6,0.0,0.8571,0.0,0.8333,0.7143,0.7692,1.0,4.0,22.0
medical_conditions_and_outcomes,8,7,org,6,1.8025829300750047,19,8,0.75,0.2857,0.2857,0.25,0.2857,0.2667,8.0,17.0,8,0.5,0.5714,0.1905,0.375,0.4286,0.4,6.0,7.0,20.0
medical_conditions_and_outcomes,8,7,org,7,1.9926137290894985,15,7,0.5714,0.4286,0.1905,0.4286,0.4286,0.4286,5.0,17.0,7,0.2857,0.7143,0.0952,0.5714,0.5714,0.5714,3.0,9.0,22.0
medical_conditions_and_outcomes,8,7,org,8,0.19917018397245556,6,6,0.3333,0.5714,0.0952,0.6667,0.5714,0.6154,3.0,12.0,6,0.0,0.8571,0.0,0.8333,0.7143,0.7692,1.0,4.0,22.0
medical_conditions_and_outcomes,8,7,org,9,1.0029703369364142,17,9,0.6667,0.4286,0.2857,0.3333,0.4286,0.375,7.0,18.0,9,0.3333,0.8571,0.1429,0.5556,0.7143,0.625,4.0,1.0,19.0
medical_conditions_and_outcomes,8,7,org,10,0.10233970603439957,4,7,0.5714,0.4286,0.1905,0.4286,0.4286,0.4286,5.0,16.0,7,0.2857,0.7143,0.0952,0.7143,0.7143,0.7143,3.0,9.0,21.0
medical_conditions_and_outcomes,8,7,org,11,2.7339767599478364,19,8,0.5,0.5714,0.1905,0.5,0.5714,0.5333,5.0,14.0,8,0.25,0.8571,0.0952,0.625,0.7143,0.6667,3.0,2.0,20.0
medical_conditions_and_outcomes,8,7,org,12,1.7520413000602275,13,6,0.1667,0.7143,0.0476,0.8333,0.7143,0.7692,2.0,9.0,6,0.0,0.8571,0.0,0.8333,0.7143,0.7692,1.0,4.0,22.0
medical_conditions_and_outcomes,8,7,org,13,0.10303186997771263,5,6,0.5,0.4286,0.1429,0.5,0.4286,0.4615,4.0,17.0,6,0.1667,0.7143,0.0476,0.8333,0.7143,0.7692,3.0,9.0,17.0
medical_conditions_and_outcomes,8,7,org,14,0.1468255229992792,5,6,0.3333,0.5714,0.0952,0.6667,0.5714,0.6154,3.0,12.0,6,0.0,0.8571,0.0,0.8333,0.7143,0.7692,1.0,4.0,22.0
medical_conditions_and_outcomes,8,7,org,15,0.0711605129763484,1,6,0.5,0.4286,0.1429,0.5,0.4286,0.4615,4.0,17.0,6,0.0,0.8571,0.0,0.8333,0.7143,0.7692,1.0,4.0,22.0
medical_conditions_and_outcomes,8,7,org,16,0.36502294905949384,6,7,0.4286,0.5714,0.1429,0.5714,0.5714,0.5714,4.0,12.0,7,0.1429,0.8571,0.0476,0.8571,0.8571,0.8571,3.0,4.0,17.0
medical_conditions_and_outcomes,8,7,org,17,0.10430784395430237,2,6,0.3333,0.5714,0.0952,0.6667,0.5714,0.6154,3.0,14.0,6,0.0,0.8571,0.0,0.8333,0.7143,0.7692,1.0,4.0,22.0
medical_conditions_and_outcomes,8,7,org,18,15.547724090050906,49,10,0.6,0.5714,0.2857,0.4,0.5714,0.4706,7.0,15.0,10,0.5,0.7143,0.2381,0.4,0.5714,0.4706,7.0,8.0,18.0
medical_conditions_and_outcomes,8,7,org,19,0.03219883795827627,0,6,0.5,0.4286,0.1429,0.5,0.4286,0.4615,4.0,17.0,6,0.0,0.8571,0.0,0.8333,0.7143,0.7692,1.0,4.0,22.0
medical_conditions_and_outcomes,8,7,org,20,5.132189916097559,18,7,0.4286,0.5714,0.1429,0.5714,0.5714,0.5714,4.0,13.0,7,0.2857,0.7143,0.0952,0.7143,0.7143,0.7143,3.0,9.0,21.0
medical_conditions_and_outcomes,8,7,org,21,0.06199103803373873,1,6,0.6667,0.2857,0.1905,0.3333,0.2857,0.3077,5.0,22.0,6,0.0,0.8571,0.0,0.8333,0.7143,0.7692,1.0,4.0,22.0
medical_conditions_and_outcomes,8,7,org,22,3.7916506500914693,26,7,0.2857,0.7143,0.0952,0.7143,0.7143,0.7143,2.0,10.0,7,0.0,1.0,0.0,0.8571,0.8571,0.8571,0.0,0.0,18.0
medical_conditions_and_outcomes,8,7,org,23,0.667881767032668,11,6,0.3333,0.5714,0.0952,0.6667,0.5714,0.6154,3.0,12.0,6,0.0,0.8571,0.0,0.8333,0.7143,0.7692,1.0,4.0,22.0
medical_conditions_and_outcomes,8,7,org,24,0.03317761793732643,0,6,0.5,0.4286,0.1429,0.5,0.4286,0.4615,4.0,17.0,6,0.0,0.8571,0.0,0.8333,0.7143,0.7692,1.0,4.0,22.0
medical_conditions_and_outcomes,8,7,org,25,2.095978070050478,17,9,0.4444,0.7143,0.1905,0.5556,0.7143,0.625,5.0,10.0,9,0.3333,0.8571,0.1429,0.5556,0.7143,0.625,5.0,5.0,16.0
medical_conditions_and_outcomes,8,7,org,26,0.06251788104418665,1,6,0.6667,0.2857,0.1905,0.3333,0.2857,0.3077,5.0,22.0,6,0.0,0.8571,0.0,0.8333,0.7143,0.7692,1.0,4.0,22.0
medical_conditions_and_outcomes,8,7,org,27,9.175493566086516,26,7,0.4286,0.5714,0.1429,0.5714,0.5714,0.5714,4.0,14.0,7,0.2857,0.7143,0.0952,0.7143,0.7143,0.7143,5.0,9.0,14.0
medical_conditions_and_outcomes,8,7,org,28,0.2471722880145535,7,7,0.2857,0.7143,0.0952,0.7143,0.7143,0.7143,3.0,8.0,7,0.1429,0.8571,0.0476,0.7143,0.7143,0.7143,2.0,4.0,22.0
medical_conditions_and_outcomes,8,7,org,29,10.707724836072885,25,9,0.5556,0.5714,0.2381,0.4444,0.5714,0.5,7.0,8.0,9,0.5556,0.5714,0.2381,0.2222,0.2857,0.25,9.0,8.0,26.0
medical_conditions_and_outcomes,8,7,org,30,0.29405337397474796,7,6,0.6667,0.2857,0.1905,0.3333,0.2857,0.3077,5.0,22.0,6,0.0,0.8571,0.0,0.8333,0.7143,0.7692,1.0,4.0,22.0
medical_conditions_and_outcomes,8,7,org,31,0.15182510600425303,5,6,0.1667,0.7143,0.0476,0.8333,0.7143,0.7692,2.0,7.0,6,0.0,0.8571,0.0,0.8333,0.7143,0.7692,1.0,4.0,22.0
medical_conditions_and_outcomes,8,7,org,32,1.362101496080868,11,7,0.4286,0.5714,0.1429,0.5714,0.5714,0.5714,4.0,12.0,7,0.1429,0.8571,0.0476,0.7143,0.7143,0.7143,2.0,4.0,22.0
medical_conditions_and_outcomes,8,7,org,33,5.8505262120161206,23,7,0.5714,0.4286,0.1905,0.4286,0.4286,0.4286,5.0,16.0,7,0.1429,0.8571,0.0476,0.7143,0.7143,0.7143,2.0,3.0,21.0
medical_conditions_and_outcomes,8,7,org,34,2.2073907000012696,15,6,0.6667,0.2857,0.1905,0.3333,0.2857,0.3077,5.0,22.0,6,0.0,0.8571,0.0,0.8333,0.7143,0.7692,1.0,4.0,22.0
medical_conditions_and_outcomes,8,7,org,35,0.5607925329823047,9,6,0.6667,0.2857,0.1905,0.3333,0.2857,0.3077,5.0,22.0,6,0.0,0.8571,0.0,0.8333,0.7143,0.7692,1.0,4.0,22.0
medical_conditions_and_outcomes,8,7,org,36,0.07034416601527482,1,6,0.6667,0.2857,0.1905,0.3333,0.2857,0.3077,5.0,22.0,6,0.0,0.8571,0.0,0.8333,0.7143,0.7692,1.0,4.0,22.0
medical_conditions_and_outcomes,8,7,org,37,0.035807021078653634,1,6,0.5,0.4286,0.1429,0.5,0.4286,0.4615,4.0,17.0,6,0.0,0.8571,0.0,0.8333,0.7143,0.7692,1.0,4.0,22.0
medical_conditions_and_outcomes,8,7,org,38,0.41504347196314484,9,7,0.4286,0.5714,0.1429,0.5714,0.5714,0.5714,4.0,14.0,7,0.1429,0.8571,0.0476,0.7143,0.7143,0.7143,3.0,6.0,17.0
medical_conditions_and_outcomes,8,7,org,39,0.9951479090377688,12,7,0.2857,0.7143,0.0952,0.7143,0.7143,0.7143,3.0,13.0,7,0.1429,0.8571,0.0476,0.7143,0.7143,0.7143,2.0,4.0,22.0
medical_conditions_and_outcomes,8,7,org,40,9.106651958078146,24,9,0.5556,0.5714,0.2381,0.4444,0.5714,0.5,6.0,11.0,9,0.5556,0.5714,0.2381,0.3333,0.4286,0.375,7.0,11.0,21.0
medical_conditions_and_outcomes,8,7,org,41,0.10513853700831532,2,6,0.1667,0.7143,0.0476,0.8333,0.7143,0.7692,2.0,9.0,6,0.0,0.8571,0.0,0.8333,0.7143,0.7692,1.0,4.0,22.0
medical_conditions_and_outcomes,8,7,org,42,11.924181360052899,28,7,0.5714,0.4286,0.1905,0.4286,0.4286,0.4286,6.0,12.0,7,0.4286,0.5714,0.1429,0.5714,0.5714,0.5714,6.0,9.0,17.0
medical_conditions_and_outcomes,8,7,org,43,0.7441184520721436,12,10,0.5,0.7143,0.2381,0.5,0.7143,0.5882,5.0,10.0,10,0.4,0.8571,0.1905,0.6,0.8571,0.7059,5.0,5.0,13.0
medical_conditions_and_outcomes,8,7,org,44,0.03751429496333003,0,6,0.5,0.4286,0.1429,0.5,0.4286,0.4615,4.0,17.0,6,0.0,0.8571,0.0,0.8333,0.7143,0.7692,1.0,4.0,22.0
medical_conditions_and_outcomes,8,7,org,45,0.16548651305492967,3,6,0.5,0.4286,0.1429,0.5,0.4286,0.4615,4.0,17.0,6,0.0,0.8571,0.0,0.8333,0.7143,0.7692,1.0,4.0,22.0
medical_conditions_and_outcomes,8,7,org,46,0.09683903306722641,4,6,0.5,0.4286,0.1429,0.5,0.4286,0.4615,4.0,17.0,6,0.0,0.8571,0.0,0.8333,0.7143,0.7692,1.0,4.0,22.0
medical_conditions_and_outcomes,8,7,org,47,0.10222586896270514,3,6,0.5,0.4286,0.1429,0.5,0.4286,0.4615,4.0,17.0,6,0.0,0.8571,0.0,0.8333,0.7143,0.7692,1.0,4.0,22.0
medical_conditions_and_outcomes,8,7,org,48,1.935299094999209,20,8,0.5,0.5714,0.1905,0.5,0.5714,0.5333,5.0,14.0,8,0.5,0.5714,0.1905,0.5,0.5714,0.5333,6.0,14.0,17.0
medical_conditions_and_outcomes,8,7,org,49,0.9896447079954669,11,6,0.1667,0.7143,0.0476,0.8333,0.7143,0.7692,2.0,9.0,6,0.0,0.8571,0.0,0.8333,0.7143,0.7692,1.0,4.0,22.0
medical_conditions_and_outcomes,8,7,new,0,0.10322900000028312,2,6,0.5,0.4286,0.1429,0.5,0.4286,0.4615,4.0,17.0,6,0.0,0.8571,0.0,0.8333,0.7143,0.7692,1.0,4.0,22.0
medical_conditions_and_outcomes,8,7,new,1,0.031318922992795706,0,6,0.5,0.4286,0.1429,0.5,0.4286,0.4615,4.0,17.0,6,0.0,0.8571,0.0,0.8333,0.7143,0.7692,1.0,4.0,22.0
medical_conditions_and_outcomes,8,7,new,2,9.660398006089963,23,9,0.4444,0.7143,0.1905,0.5556,0.7143,0.625,4.0,10.0,9,0.2222,1.0,0.0952,0.6667,0.8571,0.75,3.0,2.0,13.0
medical_conditions_and_outcomes,8,7,new,3,0.09942568792030215,2,6,0.3333,0.5714,0.0952,0.6667,0.5714,0.6154,3.0,12.0,6,0.0,0.8571,0.0,0.8333,0.7143,0.7692,1.0,4.0,22.0
medical_conditions_and_outcomes,8,7,new,4,0.14471674303058535,3,6,0.3333,0.5714,0.0952,0.6667,0.5714,0.6154,3.0,12.0,6,0.0,0.8571,0.0,0.8333,0.7143,0.7692,1.0,4.0,22.0
medical_conditions_and_outcomes,8,7,new,5,0.06589940295089036,2,6,0.5,0.4286,0.1429,0.5,0.4286,0.4615,4.0,17.0,6,0.0,0.8571,0.0,0.8333,0.7143,0.7692,1.0,4.0,22.0
medical_conditions_and_outcomes,8,7,new,6,0.8460699990391731,19,9,0.6667,0.4286,0.2857,0.3333,0.4286,0.375,7.0,16.0,9,0.4444,0.7143,0.1905,0.4444,0.5714,0.5,5.0,8.0,21.0
medical_conditions_and_outcomes,8,7,new,7,0.917936727986671,15,7,0.4286,0.5714,0.1429,0.5714,0.5714,0.5714,4.0,12.0,7,0.2857,0.7143,0.0952,0.5714,0.5714,0.5714,3.0,9.0,22.0
medical_conditions_and_outcomes,8,7,new,8,0.17590725503396243,6,6,0.3333,0.5714,0.0952,0.6667,0.5714,0.6154,3.0,12.0,6,0.0,0.8571,0.0,0.8333,0.7143,0.7692,1.0,4.0,22.0
medical_conditions_and_outcomes,8,7,new,9,0.5067113649565727,17,8,0.25,0.8571,0.0952,0.75,0.8571,0.8,2.0,3.0,8,0.125,1.0,0.0476,0.75,0.8571,0.8,1.0,0.0,18.0
medical_conditions_and_outcomes,8,7,new,10,0.1346725489711389,5,7,0.4286,0.5714,0.1429,0.5714,0.5714,0.5714,4.0,14.0,7,0.1429,0.8571,0.0476,0.7143,0.7143,0.7143,3.0,6.0,17.0
medical_conditions_and_outcomes,8,7,new,11,0.974688833928667,19,7,0.4286,0.5714,0.1429,0.5714,0.5714,0.5714,4.0,11.0,7,0.1429,0.8571,0.0476,0.7143,0.7143,0.7143,2.0,3.0,21.0
medical_conditions_and_outcomes,8,7,new,12,0.9094029850093648,13,6,0.3333,0.5714,0.0952,0.6667,0.5714,0.6154,3.0,12.0,6,0.0,0.8571,0.0,0.8333,0.7143,0.7692,1.0,4.0,22.0
medical_conditions_and_outcomes,8,7,new,13,0.11589766503311694,5,6,0.5,0.4286,0.1429,0.5,0.4286,0.4615,4.0,17.0,6,0.1667,0.7143,0.0476,0.8333,0.7143,0.7692,3.0,9.0,17.0
medical_conditions_and_outcomes,8,7,new,14,0.14042200497351587,5,6,0.3333,0.5714,0.0952,0.6667,0.5714,0.6154,3.0,12.0,6,0.0,0.8571,0.0,0.8333,0.7143,0.7692,1.0,4.0,22.0
medical_conditions_and_outcomes,8,7,new,15,0.0712098719086498,1,6,0.3333,0.5714,0.0952,0.6667,0.5714,0.6154,3.0,12.0,6,0.0,0.8571,0.0,0.8333,0.7143,0.7692,1.0,4.0,22.0
medical_conditions_and_outcomes,8,7,new,16,0.30244801891967654,6,6,0.3333,0.5714,0.0952,0.6667,0.5714,0.6154,3.0,12.0,6,0.0,0.8571,0.0,0.8333,0.7143,0.7692,1.0,4.0,22.0
medical_conditions_and_outcomes,8,7,new,17,0.09863936505280435,2,6,0.5,0.4286,0.1429,0.5,0.4286,0.4615,4.0,17.0,6,0.0,0.8571,0.0,0.8333,0.7143,0.7692,1.0,4.0,22.0
medical_conditions_and_outcomes,8,7,new,18,6.427782415994443,51,8,0.375,0.7143,0.1429,0.625,0.7143,0.6667,4.0,6.0,8,0.25,0.8571,0.0952,0.625,0.7143,0.6667,4.0,1.0,16.0
medical_conditions_and_outcomes,8,7,new,19,0.03275978297460824,0,6,0.5,0.4286,0.1429,0.5,0.4286,0.4615,4.0,17.0,6,0.0,0.8571,0.0,0.8333,0.7143,0.7692,1.0,4.0,22.0
medical_conditions_and_outcomes,8,7,new,20,2.729311026050709,22,8,0.5,0.5714,0.1905,0.5,0.5714,0.5333,5.0,14.0,8,0.375,0.7143,0.1429,0.625,0.7143,0.6667,6.0,11.0,14.0
medical_conditions_and_outcomes,8,7,new,21,0.06333206500858068,1,6,0.3333,0.5714,0.0952,0.6667,0.5714,0.6154,3.0,12.0,6,0.0,0.8571,0.0,0.8333,0.7143,0.7692,1.0,4.0,22.0
medical_conditions_and_outcomes,8,7,new,22,1.361524368985556,26,7,0.4286,0.5714,0.1429,0.5714,0.5714,0.5714,3.0,13.0,7,0.0,1.0,0.0,0.8571,0.8571,0.8571,0.0,0.0,18.0
medical_conditions_and_outcomes,8,7,new,23,0.5864253509789705,11,6,0.3333,0.5714,0.0952,0.6667,0.5714,0.6154,3.0,12.0,6,0.0,0.8571,0.0,0.8333,0.7143,0.7692,1.0,4.0,22.0
medical_conditions_and_outcomes,8,7,new,24,0.03472868201788515,0,6,0.5,0.4286,0.1429,0.5,0.4286,0.4615,4.0,17.0,6,0.0,0.8571,0.0,0.8333,0.7143,0.7692,1.0,4.0,22.0
medical_conditions_and_outcomes,8,7,new,25,0.8822141360724345,17,10,0.6,0.5714,0.2857,0.4,0.5714,0.4706,7.0,13.0,10,0.4,0.8571,0.1905,0.5,0.7143,0.5882,6.0,5.0,16.0
medical_conditions_and_outcomes,8,7,new,26,0.06394481705501676,1,6,0.3333,0.5714,0.0952,0.6667,0.5714,0.6154,3.0,12.0,6,0.0,0.8571,0.0,0.8333,0.7143,0.7692,1.0,4.0,22.0
medical_conditions_and_outcomes,8,7,new,27,2.319832250010222,26,7,0.4286,0.5714,0.1429,0.5714,0.5714,0.5714,4.0,14.0,7,0.2857,0.7143,0.0952,0.7143,0.7143,0.7143,5.0,9.0,14.0
medical_conditions_and_outcomes,8,7,new,28,0.19830298598390073,7,6,0.3333,0.5714,0.0952,0.6667,0.5714,0.6154,3.0,14.0,6,0.0,0.8571,0.0,0.8333,0.7143,0.7692,1.0,4.0,22.0
medical_conditions_and_outcomes,8,7,new,29,1.8763692990178242,25,8,0.5,0.5714,0.1905,0.5,0.5714,0.5333,5.0,12.0,8,0.25,0.8571,0.0952,0.625,0.7143,0.6667,4.0,4.0,17.0
medical_conditions_and_outcomes,8,7,new,30,0.2457860439317301,7,6,0.3333,0.5714,0.0952,0.6667,0.5714,0.6154,3.0,12.0,6,0.0,0.8571,0.0,0.8333,0.7143,0.7692,1.0,4.0,22.0
medical_conditions_and_outcomes,8,7,new,31,0.1449600689811632,5,6,0.5,0.4286,0.1429,0.5,0.4286,0.4615,4.0,17.0,6,0.0,0.8571,0.0,0.8333,0.7143,0.7692,1.0,4.0,22.0
medical_conditions_and_outcomes,8,7,new,32,0.7534213979961351,11,7,0.4286,0.5714,0.1429,0.5714,0.5714,0.5714,4.0,12.0,7,0.1429,0.8571,0.0476,0.7143,0.7143,0.7143,2.0,4.0,22.0
medical_conditions_and_outcomes,8,7,new,33,1.7733068000525236,23,10,0.6,0.5714,0.2857,0.4,0.5714,0.4706,6.0,13.0,10,0.4,0.8571,0.1905,0.6,0.8571,0.7059,5.0,5.0,13.0
medical_conditions_and_outcomes,8,7,new,34,0.9388178390217945,15,6,0.3333,0.5714,0.0952,0.6667,0.5714,0.6154,3.0,12.0,6,0.0,0.8571,0.0,0.8333,0.7143,0.7692,1.0,4.0,22.0
medical_conditions_and_outcomes,8,7,new,35,0.4131112720351666,9,7,0.4286,0.5714,0.1429,0.5714,0.5714,0.5714,4.0,12.0,7,0.1429,0.8571,0.0476,0.7143,0.7143,0.7143,2.0,4.0,22.0
medical_conditions_and_outcomes,8,7,new,36,0.07017712597735226,1,6,0.3333,0.5714,0.0952,0.6667,0.5714,0.6154,3.0,12.0,6,0.0,0.8571,0.0,0.8333,0.7143,0.7692,1.0,4.0,22.0
medical_conditions_and_outcomes,8,7,new,37,0.04017767694313079,1,6,0.5,0.4286,0.1429,0.5,0.4286,0.4615,4.0,17.0,6,0.0,0.8571,0.0,0.8333,0.7143,0.7692,1.0,4.0,22.0
medical_conditions_and_outcomes,8,7,new,38,0.26891159708611667,9,7,0.4286,0.5714,0.1429,0.5714,0.5714,0.5714,4.0,14.0,7,0.1429,0.8571,0.0476,0.7143,0.7143,0.7143,3.0,6.0,17.0
medical_conditions_and_outcomes,8,7,new,39,0.4639220969984308,12,6,0.3333,0.5714,0.0952,0.6667,0.5714,0.6154,3.0,12.0,6,0.0,0.8571,0.0,0.8333,0.7143,0.7692,1.0,4.0,22.0
medical_conditions_and_outcomes,8,7,new,40,2.732892543077469,26,7,0.4286,0.5714,0.1429,0.5714,0.5714,0.5714,4.0,11.0,7,0.1429,0.8571,0.0476,0.7143,0.7143,0.7143,2.0,3.0,21.0
medical_conditions_and_outcomes,8,7,new,41,0.11293561104685068,2,6,0.1667,0.7143,0.0476,0.8333,0.7143,0.7692,2.0,9.0,6,0.0,0.8571,0.0,0.8333,0.7143,0.7692,1.0,4.0,22.0
medical_conditions_and_outcomes,8,7,new,42,4.090420395950787,28,7,0.4286,0.5714,0.1429,0.5714,0.5714,0.5714,4.0,11.0,7,0.2857,0.7143,0.0952,0.7143,0.7143,0.7143,4.0,8.0,16.0
medical_conditions_and_outcomes,8,7,new,43,1.8354493899969384,21,8,0.5,0.5714,0.1905,0.5,0.5714,0.5333,4.0,13.0,8,0.25,0.8571,0.0952,0.75,0.8571,0.8,3.0,5.0,13.0
medical_conditions_and_outcomes,8,7,new,44,0.03674424299970269,0,6,0.5,0.4286,0.1429,0.5,0.4286,0.4615,4.0,17.0,6,0.0,0.8571,0.0,0.8333,0.7143,0.7692,1.0,4.0,22.0
medical_conditions_and_outcomes,8,7,new,45,0.16148665104992688,3,6,0.3333,0.5714,0.0952,0.6667,0.5714,0.6154,3.0,12.0,6,0.0,0.8571,0.0,0.8333,0.7143,0.7692,1.0,4.0,22.0
medical_conditions_and_outcomes,8,7,new,46,0.11032208998221904,4,6,0.5,0.4286,0.1429,0.5,0.4286,0.4615,4.0,17.0,6,0.0,0.8571,0.0,0.8333,0.7143,0.7692,1.0,4.0,22.0
medical_conditions_and_outcomes,8,7,new,47,0.09490818297490478,3,6,0.5,0.4286,0.1429,0.5,0.4286,0.4615,4.0,17.0,6,0.0,0.8571,0.0,0.8333,0.7143,0.7692,1.0,4.0,22.0
medical_conditions_and_outcomes,8,7,new,48,0.8544601059984416,20,7,0.5714,0.4286,0.1905,0.4286,0.4286,0.4286,5.0,17.0,7,0.4286,0.5714,0.1429,0.5714,0.5714,0.5714,5.0,14.0,17.0
medical_conditions_and_outcomes,8,7,new,49,0.6941324420040473,11,6,0.1667,0.7143,0.0476,0.8333,0.7143,0.7692,2.0,9.0,6,0.0,0.8571,0.0,0.8333,0.7143,0.7692,1.0,4.0,22.0
